"","id","period","goals","shots"
"1","29019","1",1,18
"2","29019","2",1,31
"3","29019","3",2,17
"4","29020","1",4,23
"5","29020","2",1,17
"6","29020","3",0,21
"7","29021","1",2,24
"8","29021","2",2,16
"9","29021","3",2,34
"10","29022","1",3,22
"11","29022","2",2,12
"12","29022","3",1,18
"13","29023","1",1,20
"14","29023","2",3,21
"15","29023","3",4,22
"16","29024","1",1,13
"17","29024","2",1,18
"18","29024","3",2,18
"19","29025","1",0,23
"20","29025","2",4,16
"21","29025","3",0,10
"22","29026","1",2,19
"23","29026","2",0,17
"24","29026","3",1,15
"25","29027","1",1,18
"26","29027","2",1,21
"27","29027","3",2,17
"28","29028","1",1,14
"29","29028","2",1,24
"30","29028","3",1,23
"31","29029","1",3,20
"32","29029","2",2,18
"33","29029","3",4,15
"34","29030","1",1,15
"35","29030","2",1,24
"36","29030","3",4,19
"37","29031","1",0,16
"38","29031","2",4,18
"39","29031","3",0,17
"40","29032","1",2,17
"41","29032","2",2,15
"42","29032","3",0,12
"43","29033","1",1,24
"44","29033","2",2,21
"45","29033","3",1,22
"46","29034","1",2,21
"47","29034","2",3,20
"48","29034","3",0,22
"49","29035","1",0,19
"50","29035","2",3,19
"51","29035","3",2,18
"52","29042","1",0,22
"53","29042","2",1,23
"54","29042","3",1,12
"55","29041","1",0,26
"56","29041","2",5,15
"57","29041","3",3,24
"58","29040","1",1,18
"59","29040","2",3,25
"60","29040","3",2,16
"61","29039","1",4,17
"62","29039","2",0,16
"63","29039","3",4,19
"64","29038","1",3,29
"65","29038","2",1,19
"66","29038","3",3,20
"67","29037","1",4,23
"68","29037","2",2,19
"69","29037","3",2,27
"70","29036","1",0,20
"71","29036","2",3,22
"72","29036","3",4,24
"73","29043","1",1,17
"74","29043","2",3,20
"75","29043","3",1,14
"76","29044","1",1,23
"77","29044","2",2,24
"78","29044","3",2,16
"79","29045","1",3,18
"80","29045","2",3,21
"81","29045","3",3,22
"82","29046","1",0,24
"83","29046","2",3,19
"84","29046","3",0,24
"85","29047","1",1,24
"86","29047","2",2,21
"87","29047","3",1,20
"88","29048","1",0,22
"89","29048","2",1,29
"90","29048","3",1,20
"91","29049","1",2,21
"92","29049","2",1,15
"93","29049","3",1,19
"94","29050","1",4,22
"95","29050","2",3,18
"96","29050","3",2,13
"97","29051","1",1,22
"98","29051","2",3,29
"99","29051","3",2,17
"100","29052","1",0,14
"101","29052","2",1,24
"102","29052","3",5,19
"103","29053","1",1,20
"104","29053","2",0,21
"105","29053","3",0,23
"106","29054","1",0,15
"107","29054","2",2,17
"108","29054","3",0,16
"109","29055","1",1,11
"110","29055","2",3,27
"111","29055","3",1,25
"112","29056","1",1,18
"113","29056","2",0,10
"114","29056","3",3,15
"115","29057","1",2,24
"116","29057","2",1,28
"117","29057","3",2,18
"118","29058","1",1,25
"119","29058","2",2,22
"120","29058","3",2,16
"121","29059","1",1,21
"122","29059","2",1,13
"123","29059","3",3,19
"124","29060","1",0,15
"125","29060","2",1,12
"126","29060","3",3,18
"127","29061","1",1,27
"128","29061","2",3,27
"129","29061","3",2,26
"130","29062","1",3,21
"131","29062","2",3,12
"132","29062","3",1,13
"133","29063","1",0,12
"134","29063","2",2,18
"135","29063","3",1,11
"136","29064","1",3,22
"137","29064","2",4,22
"138","29064","3",3,24
"139","29065","1",0,14
"140","29065","2",2,24
"141","29065","3",1,21
"142","29066","1",2,14
"143","29066","2",4,18
"144","29066","3",2,16
"145","29067","1",3,21
"146","29067","2",1,22
"147","29067","3",0,23
"148","29068","1",1,24
"149","29068","2",3,30
"150","29068","3",3,21
"151","29069","1",0,22
"152","29069","2",2,21
"153","29069","3",0,15
"154","29070","1",1,14
"155","29070","2",1,24
"156","29070","3",3,13
"157","29071","1",0,16
"158","29071","2",1,21
"159","29071","3",2,20
"160","29072","1",3,15
"161","29072","2",2,23
"162","29072","3",3,17
"163","29073","1",2,21
"164","29073","2",1,18
"165","29073","3",2,16
"166","29074","1",2,17
"167","29074","2",1,17
"168","29074","3",3,21
"169","29075","1",2,18
"170","29075","2",4,20
"171","29075","3",1,16
"172","29076","1",1,15
"173","29076","2",0,25
"174","29076","3",1,20
"175","29077","1",1,17
"176","29077","2",4,27
"177","29077","3",4,17
"178","29078","1",1,18
"179","29078","2",4,24
"180","29078","3",3,14
"181","29079","1",1,19
"182","29079","2",1,13
"183","29079","3",2,18
"184","29080","1",1,22
"185","29080","2",3,17
"186","29080","3",3,27
"187","29081","1",1,22
"188","29081","2",1,19
"189","29081","3",1,19
"190","29082","1",0,21
"191","29082","2",1,25
"192","29082","3",1,14
"193","29083","1",0,20
"194","29083","2",2,18
"195","29083","3",3,25
"196","29088","1",1,22
"197","29088","2",0,17
"198","29088","3",4,14
"199","29087","1",3,21
"200","29087","2",0,17
"201","29087","3",0,22
"202","29086","1",0,13
"203","29086","2",3,24
"204","29086","3",3,26
"205","29085","1",1,19
"206","29085","2",1,19
"207","29085","3",1,16
"208","29084","1",1,22
"209","29084","2",3,20
"210","29084","3",2,20
"211","29089","1",1,20
"212","29089","2",5,20
"213","29089","3",3,19
"214","29090","1",0,15
"215","29090","2",2,18
"216","29090","3",3,20
"217","29091","1",1,13
"218","29091","2",2,19
"219","29091","3",4,20
"220","29092","1",1,21
"221","29092","2",2,23
"222","29092","3",5,23
"223","29093","1",1,15
"224","29093","2",1,19
"225","29093","3",0,13
"226","29094","1",0,22
"227","29094","2",4,25
"228","29094","3",2,23
"229","29095","1",3,15
"230","29095","2",0,16
"231","29095","3",2,26
"232","29096","1",2,18
"233","29096","2",0,18
"234","29096","3",0,19
"235","29097","1",1,24
"236","29097","2",2,19
"237","29097","3",0,20
"238","29098","1",1,22
"239","29098","2",1,14
"240","29098","3",2,14
"241","29099","1",0,7
"242","29099","2",1,22
"243","29099","3",3,14
"244","29100","1",1,21
"245","29100","2",1,25
"246","29100","3",1,21
"247","29101","1",1,21
"248","29101","2",0,28
"249","29101","3",3,16
"250","29102","1",1,26
"251","29102","2",0,23
"252","29102","3",3,17
"253","29103","1",1,28
"254","29103","2",1,24
"255","29103","3",1,22
"256","29104","1",1,22
"257","29104","2",5,17
"258","29104","3",2,21
"259","29105","1",2,14
"260","29105","2",3,17
"261","29105","3",3,18
"262","29106","1",1,18
"263","29106","2",0,23
"264","29106","3",1,14
"265","29107","1",4,27
"266","29107","2",2,21
"267","29107","3",2,17
"268","29108","1",1,16
"269","29108","2",2,22
"270","29108","3",1,19
"271","29109","1",0,14
"272","29109","2",0,12
"273","29109","3",0,17
"274","29110","1",1,11
"275","29110","2",1,24
"276","29110","3",3,28
"277","29111","1",2,20
"278","29111","2",3,21
"279","29111","3",0,16
"280","29112","1",3,25
"281","29112","2",1,23
"282","29112","3",4,17
"283","29113","1",0,16
"284","29113","2",3,19
"285","29113","3",3,22
"286","29114","1",3,19
"287","29114","2",2,22
"288","29114","3",0,11
"289","29115","1",2,16
"290","29115","2",1,14
"291","29115","3",2,15
"292","29116","1",1,19
"293","29116","2",2,22
"294","29116","3",2,19
"295","29117","1",2,26
"296","29117","2",2,23
"297","29117","3",1,20
"298","29118","1",1,22
"299","29118","2",5,18
"300","29118","3",3,22
"301","29119","1",3,26
"302","29119","2",2,16
"303","29119","3",3,10
"304","29120","1",2,17
"305","29120","2",3,24
"306","29120","3",1,23
"307","29121","1",3,21
"308","29121","2",0,20
"309","29121","3",1,22
"310","29122","1",5,19
"311","29122","2",5,18
"312","29122","3",1,12
"313","29123","1",1,24
"314","29123","2",0,22
"315","29123","3",2,22
"316","29124","1",1,18
"317","29124","2",2,17
"318","29124","3",0,10
"319","29125","1",2,13
"320","29125","2",3,25
"321","29125","3",2,19
"322","29126","1",1,25
"323","29126","2",6,34
"324","29126","3",1,20
"325","29127","1",1,16
"326","29127","2",1,25
"327","29127","3",3,21
"328","29128","1",2,25
"329","29128","2",2,27
"330","29128","3",0,27
"331","29131","1",3,19
"332","29131","2",2,29
"333","29131","3",3,17
"334","29130","1",0,12
"335","29130","2",1,28
"336","29130","3",1,22
"337","29129","1",1,17
"338","29129","2",1,21
"339","29129","3",2,17
"340","29132","1",0,18
"341","29132","2",0,14
"342","29132","3",0,19
"343","29133","1",3,21
"344","29133","2",2,22
"345","29133","3",2,27
"346","29134","1",1,17
"347","29134","2",1,17
"348","29134","3",2,19
"349","29135","1",2,13
"350","29135","2",4,20
"351","29135","3",1,22
"352","29136","1",4,26
"353","29136","2",4,19
"354","29136","3",1,18
"355","29137","1",1,16
"356","29137","2",2,15
"357","29137","3",2,18
"358","29138","1",2,18
"359","29138","2",1,18
"360","29138","3",2,26
"361","29139","1",0,22
"362","29139","2",1,20
"363","29139","3",3,22
"364","29140","1",3,16
"365","29140","2",1,16
"366","29140","3",3,19
"367","29141","1",0,15
"368","29141","2",0,20
"369","29141","3",0,25
"370","29142","1",1,16
"371","29142","2",2,23
"372","29142","3",3,12
"373","29143","1",0,10
"374","29143","2",0,13
"375","29143","3",4,15
"376","29144","1",3,18
"377","29144","2",0,27
"378","29144","3",3,23
"379","29145","1",0,17
"380","29145","2",2,19
"381","29145","3",2,11
"382","29146","1",1,22
"383","29146","2",0,21
"384","29146","3",4,17
"385","29149","1",0,17
"386","29149","2",2,21
"387","29149","3",3,19
"388","29148","1",3,13
"389","29148","2",1,20
"390","29148","3",3,20
"391","29147","1",1,20
"392","29147","2",0,15
"393","29147","3",1,15
"394","29150","1",3,15
"395","29150","2",3,20
"396","29150","3",1,19
"397","29151","1",3,23
"398","29151","2",0,20
"399","29151","3",3,11
"400","29152","1",0,14
"401","29152","2",3,16
"402","29152","3",5,28
"403","29153","1",0,27
"404","29153","2",0,18
"405","29153","3",4,14
"406","29154","1",1,16
"407","29154","2",0,13
"408","29154","3",2,16
"409","29155","1",2,12
"410","29155","2",1,14
"411","29155","3",1,17
"412","29156","1",0,20
"413","29156","2",2,22
"414","29156","3",3,19
"415","29157","1",4,22
"416","29157","2",2,32
"417","29157","3",1,28
"418","29158","1",1,19
"419","29158","2",2,24
"420","29158","3",0,18
"421","29159","1",0,22
"422","29159","2",2,16
"423","29159","3",1,19
"424","29160","1",2,23
"425","29160","2",1,31
"426","29160","3",1,23
"427","29161","1",2,23
"428","29161","2",1,17
"429","29161","3",3,19
"430","29162","1",3,16
"431","29162","2",1,16
"432","29162","3",3,16
"433","29163","1",1,22
"434","29163","2",1,23
"435","29163","3",2,19
"436","29164","1",1,15
"437","29164","2",0,16
"438","29164","3",3,20
"439","29165","1",0,19
"440","29165","2",1,19
"441","29165","3",2,20
"442","29166","1",0,18
"443","29166","2",3,20
"444","29166","3",2,20
"445","29167","1",1,22
"446","29167","2",2,19
"447","29167","3",1,24
"448","29168","1",1,14
"449","29168","2",3,16
"450","29168","3",0,32
"451","29169","1",5,26
"452","29169","2",3,15
"453","29169","3",1,18
"454","29170","1",1,28
"455","29170","2",5,18
"456","29170","3",2,17
"457","29171","1",3,20
"458","29171","2",3,19
"459","29171","3",1,14
"460","29172","1",2,14
"461","29172","2",2,15
"462","29172","3",0,8
"463","29173","1",1,19
"464","29173","2",5,15
"465","29173","3",2,20
"466","29174","1",0,15
"467","29174","2",3,24
"468","29174","3",3,19
"469","29179","1",4,15
"470","29179","2",0,22
"471","29179","3",1,11
"472","29178","1",0,16
"473","29178","2",1,16
"474","29178","3",1,19
"475","29177","1",2,20
"476","29177","2",0,20
"477","29177","3",2,16
"478","29176","1",1,22
"479","29176","2",3,19
"480","29176","3",4,23
"481","29175","1",1,14
"482","29175","2",2,23
"483","29175","3",1,16
"484","29180","1",4,14
"485","29180","2",0,17
"486","29180","3",0,18
"487","29181","1",4,20
"488","29181","2",2,21
"489","29181","3",3,14
"490","29182","1",2,22
"491","29182","2",2,20
"492","29182","3",3,16
"493","29183","1",1,16
"494","29183","2",2,25
"495","29183","3",4,25
"496","29184","1",2,12
"497","29184","2",3,21
"498","29184","3",1,12
"499","29185","1",0,16
"500","29185","2",1,19
"501","29185","3",2,17
"502","29186","1",3,30
"503","29186","2",3,29
"504","29186","3",0,11
"505","29187","1",2,20
"506","29187","2",2,31
"507","29187","3",1,19
"508","29188","1",3,16
"509","29188","2",0,14
"510","29188","3",3,31
"511","29189","1",1,21
"512","29189","2",2,23
"513","29189","3",2,18
"514","29190","1",3,21
"515","29190","2",2,18
"516","29190","3",3,19
"517","29191","1",1,20
"518","29191","2",0,22
"519","29191","3",2,16
"520","29192","1",3,17
"521","29192","2",3,17
"522","29192","3",1,22
"523","29193","1",0,17
"524","29193","2",2,20
"525","29193","3",0,26
"526","29194","1",0,17
"527","29194","2",2,19
"528","29194","3",1,23
"529","29195","1",0,17
"530","29195","2",1,28
"531","29195","3",2,13
"532","29196","1",1,28
"533","29196","2",4,20
"534","29196","3",4,19
"535","29197","1",1,21
"536","29197","2",2,30
"537","29197","3",3,20
"538","29198","1",2,23
"539","29198","2",4,23
"540","29198","3",1,21
"541","29199","1",3,23
"542","29199","2",1,18
"543","29199","3",2,19
"544","29200","1",7,26
"545","29200","2",3,20
"546","29200","3",0,21
"547","29201","1",1,13
"548","29201","2",0,14
"549","29201","3",4,16
"550","29202","1",0,20
"551","29202","2",3,22
"552","29202","3",1,15
"553","29203","1",3,19
"554","29203","2",1,29
"555","29203","3",1,5
"556","29204","1",2,23
"557","29204","2",2,22
"558","29204","3",1,15
"559","29205","1",1,13
"560","29205","2",1,15
"561","29205","3",3,14
"562","29206","1",1,20
"563","29206","2",2,20
"564","29206","3",1,21
"565","29207","1",0,13
"566","29207","2",2,23
"567","29207","3",3,17
"568","29208","1",1,16
"569","29208","2",1,19
"570","29208","3",0,18
"571","29209","1",1,16
"572","29209","2",3,25
"573","29209","3",2,15
"574","29210","1",3,23
"575","29210","2",0,8
"576","29210","3",2,27
"577","29211","1",3,22
"578","29211","2",3,22
"579","29211","3",1,21
"580","29212","1",1,21
"581","29212","2",0,11
"582","29212","3",1,22
"583","29213","1",3,21
"584","29213","2",2,15
"585","29213","3",1,19
"586","29214","1",0,19
"587","29214","2",2,21
"588","29214","3",3,20
"589","29215","1",1,18
"590","29215","2",2,19
"591","29215","3",0,26
"592","29216","1",0,20
"593","29216","2",2,25
"594","29216","3",1,16
"595","29217","1",1,21
"596","29217","2",2,21
"597","29217","3",3,28
"598","29218","1",0,19
"599","29218","2",3,20
"600","29218","3",2,20
"601","29219","1",1,15
"602","29219","2",3,24
"603","29219","3",1,15
"604","29223","1",1,20
"605","29223","2",0,14
"606","29223","3",2,17
"607","29222","1",0,21
"608","29222","2",3,20
"609","29222","3",1,23
"610","29221","1",1,21
"611","29221","2",1,14
"612","29221","3",2,14
"613","29220","1",1,18
"614","29220","2",2,22
"615","29220","3",3,24
"616","29224","1",1,21
"617","29224","2",0,28
"618","29224","3",3,24
"619","29225","1",0,20
"620","29225","2",1,18
"621","29225","3",0,18
"622","29226","1",1,27
"623","29226","2",3,19
"624","29226","3",1,24
"625","29227","1",4,24
"626","29227","2",2,21
"627","29227","3",1,11
"628","29228","1",1,22
"629","29228","2",0,11
"630","29228","3",0,15
"631","29229","1",3,23
"632","29229","2",0,6
"633","29229","3",2,19
"634","29230","1",3,19
"635","29230","2",3,27
"636","29230","3",0,10
"637","29231","1",1,22
"638","29231","2",1,23
"639","29231","3",1,19
"640","29232","1",2,14
"641","29232","2",0,28
"642","29232","3",4,22
"643","29233","1",2,12
"644","29233","2",3,23
"645","29233","3",1,27
"646","29234","1",0,17
"647","29234","2",1,18
"648","29234","3",1,17
"649","29235","1",2,11
"650","29235","2",0,28
"651","29235","3",1,17
"652","29236","1",1,22
"653","29236","2",2,21
"654","29236","3",1,22
"655","29237","1",4,24
"656","29237","2",0,29
"657","29237","3",4,22
"658","29240","1",3,20
"659","29240","2",3,23
"660","29240","3",1,16
"661","29239","1",1,16
"662","29239","2",2,21
"663","29239","3",2,21
"664","29238","1",0,23
"665","29238","2",0,16
"666","29238","3",1,26
"667","29241","1",4,22
"668","29241","2",5,15
"669","29241","3",3,27
"670","29242","1",2,15
"671","29242","2",4,18
"672","29242","3",2,23
"673","29243","1",1,20
"674","29243","2",1,26
"675","29243","3",3,22
"676","29244","1",2,14
"677","29244","2",2,26
"678","29244","3",1,20
"679","29245","1",2,22
"680","29245","2",1,20
"681","29245","3",3,19
"682","29246","1",3,27
"683","29246","2",2,14
"684","29246","3",1,27
"685","29247","1",1,23
"686","29247","2",1,16
"687","29247","3",4,22
"688","29248","1",4,14
"689","29248","2",0,26
"690","29248","3",1,17
"691","29249","1",4,23
"692","29249","2",3,18
"693","29249","3",2,15
"694","29250","1",2,15
"695","29250","2",4,19
"696","29250","3",1,18
"697","29251","1",3,24
"698","29251","2",1,11
"699","29251","3",0,20
"700","29254","1",1,14
"701","29254","2",2,24
"702","29254","3",2,19
"703","29253","1",0,19
"704","29253","2",2,22
"705","29253","3",2,19
"706","29252","1",2,14
"707","29252","2",1,27
"708","29252","3",2,19
"709","29255","1",0,10
"710","29255","2",0,16
"711","29255","3",2,16
"712","29256","1",1,17
"713","29256","2",2,16
"714","29256","3",2,18
"715","29257","1",4,28
"716","29257","2",1,21
"717","29257","3",4,23
"718","29258","1",2,14
"719","29258","2",2,24
"720","29258","3",1,11
"721","29259","1",2,21
"722","29259","2",1,17
"723","29259","3",0,16
"724","29260","1",0,15
"725","29260","2",2,20
"726","29260","3",1,22
"727","29261","1",0,20
"728","29261","2",1,19
"729","29261","3",3,22
"730","29262","1",3,17
"731","29262","2",1,16
"732","29262","3",1,9
"733","29263","1",1,21
"734","29263","2",2,14
"735","29263","3",2,19
"736","29264","1",2,21
"737","29264","2",0,17
"738","29264","3",0,14
"739","29273","1",4,13
"740","29273","2",1,21
"741","29273","3",2,20
"742","29272","1",3,19
"743","29272","2",2,19
"744","29272","3",2,12
"745","29271","1",1,12
"746","29271","2",2,13
"747","29271","3",1,14
"748","29270","1",1,18
"749","29270","2",1,17
"750","29270","3",2,23
"751","29269","1",2,13
"752","29269","2",4,17
"753","29269","3",2,19
"754","29268","1",3,26
"755","29268","2",2,17
"756","29268","3",2,21
"757","29267","1",1,16
"758","29267","2",2,29
"759","29267","3",3,40
"760","29266","1",1,17
"761","29266","2",0,18
"762","29266","3",1,22
"763","29265","1",0,17
"764","29265","2",3,20
"765","29265","3",1,17
"766","29274","1",1,19
"767","29274","2",4,25
"768","29274","3",1,14
"769","29275","1",1,17
"770","29275","2",1,22
"771","29275","3",2,16
"772","29276","1",2,21
"773","29276","2",3,18
"774","29276","3",2,14
"775","29277","1",1,20
"776","29277","2",3,20
"777","29277","3",3,16
"778","29278","1",0,14
"779","29278","2",4,27
"780","29278","3",1,26
"781","29279","1",1,16
"782","29279","2",0,21
"783","29279","3",6,28
"784","29280","1",1,9
"785","29280","2",2,14
"786","29280","3",2,22
"787","29281","1",2,20
"788","29281","2",3,22
"789","29281","3",1,14
"790","29282","1",3,16
"791","29282","2",1,20
"792","29282","3",2,25
"793","29283","1",0,17
"794","29283","2",0,20
"795","29283","3",1,22
"796","29284","1",2,14
"797","29284","2",3,18
"798","29284","3",0,14
"799","29285","1",4,18
"800","29285","2",4,23
"801","29285","3",1,16
"802","29286","1",1,15
"803","29286","2",0,23
"804","29286","3",3,16
"805","29287","1",2,25
"806","29287","2",0,21
"807","29287","3",2,22
"808","29288","1",3,20
"809","29288","2",3,19
"810","29288","3",1,19
"811","29289","1",2,21
"812","29289","2",1,24
"813","29289","3",1,13
"814","29290","1",2,23
"815","29290","2",2,23
"816","29290","3",2,19
"817","29291","1",3,18
"818","29291","2",1,28
"819","29291","3",1,15
"820","29292","1",2,13
"821","29292","2",3,20
"822","29292","3",0,17
"823","29293","1",1,25
"824","29293","2",2,16
"825","29293","3",2,23
"826","29294","1",2,17
"827","29294","2",0,21
"828","29294","3",0,14
"829","29295","1",0,14
"830","29295","2",3,21
"831","29295","3",3,26
"832","29296","1",1,20
"833","29296","2",4,26
"834","29296","3",1,18
"835","29297","1",0,16
"836","29297","2",0,20
"837","29297","3",0,13
"838","29298","1",1,23
"839","29298","2",3,18
"840","29298","3",3,20
"841","29299","1",2,24
"842","29299","2",0,19
"843","29299","3",3,23
"844","29300","1",2,18
"845","29300","2",2,14
"846","29300","3",1,21
"847","29301","1",0,14
"848","29301","2",2,17
"849","29301","3",1,23
"850","29302","1",1,17
"851","29302","2",0,14
"852","29302","3",2,18
"853","29303","1",0,23
"854","29303","2",1,24
"855","29303","3",3,19
"856","29304","1",1,15
"857","29304","2",3,18
"858","29304","3",0,23
"859","29305","1",0,20
"860","29305","2",0,14
"861","29305","3",2,17
"862","29306","1",2,15
"863","29306","2",1,24
"864","29306","3",1,18
"865","29307","1",2,24
"866","29307","2",3,24
"867","29307","3",0,18
"868","29308","1",4,21
"869","29308","2",2,26
"870","29308","3",2,17
"871","29309","1",2,20
"872","29309","2",0,12
"873","29309","3",0,18
"874","29310","1",1,13
"875","29310","2",2,18
"876","29310","3",3,16
"877","29311","1",0,21
"878","29311","2",0,19
"879","29311","3",2,19
"880","29317","1",3,19
"881","29317","2",1,17
"882","29317","3",1,16
"883","29316","1",4,21
"884","29316","2",2,21
"885","29316","3",4,17
"886","29315","1",1,21
"887","29315","2",2,24
"888","29315","3",1,23
"889","29314","1",1,26
"890","29314","2",3,24
"891","29314","3",4,23
"892","29313","1",0,14
"893","29313","2",3,22
"894","29313","3",2,18
"895","29312","1",1,17
"896","29312","2",2,29
"897","29312","3",1,21
"898","29318","1",4,26
"899","29318","2",1,17
"900","29318","3",1,16
"901","29319","1",1,18
"902","29319","2",0,10
"903","29319","3",2,26
"904","29320","1",1,18
"905","29320","2",2,22
"906","29320","3",1,10
"907","29321","1",4,14
"908","29321","2",1,17
"909","29321","3",4,18
"910","29322","1",1,17
"911","29322","2",5,25
"912","29322","3",1,16
"913","29323","1",1,15
"914","29323","2",2,26
"915","29323","3",5,19
"916","29324","1",1,19
"917","29324","2",2,19
"918","29324","3",3,12
"919","29325","1",0,15
"920","29325","2",1,19
"921","29325","3",4,26
"922","29326","1",0,16
"923","29326","2",1,17
"924","29326","3",2,18
"925","29327","1",0,17
"926","29327","2",1,15
"927","29327","3",2,18
"928","29328","1",0,21
"929","29328","2",2,24
"930","29328","3",2,23
"931","29329","1",0,20
"932","29329","2",0,18
"933","29329","3",1,25
"934","29330","1",2,21
"935","29330","2",4,24
"936","29330","3",0,21
"937","29331","1",1,22
"938","29331","2",2,22
"939","29331","3",1,22
"940","29332","1",1,18
"941","29332","2",1,14
"942","29332","3",3,18
"943","29333","1",2,17
"944","29333","2",3,18
"945","29333","3",6,22
"946","29334","1",4,19
"947","29334","2",1,17
"948","29334","3",3,21
"949","29335","1",1,15
"950","29335","2",3,21
"951","29335","3",1,16
"952","29342","1",2,22
"953","29342","2",1,15
"954","29342","3",2,24
"955","29341","1",2,15
"956","29341","2",2,22
"957","29341","3",1,21
"958","29340","1",4,21
"959","29340","2",3,24
"960","29340","3",1,15
"961","29339","1",2,22
"962","29339","2",1,21
"963","29339","3",3,21
"964","29338","1",1,21
"965","29338","2",2,20
"966","29338","3",3,18
"967","29337","1",2,17
"968","29337","2",1,18
"969","29337","3",1,19
"970","29336","1",1,18
"971","29336","2",2,20
"972","29336","3",0,15
"973","29343","1",1,22
"974","29343","2",2,15
"975","29343","3",1,18
"976","29344","1",0,19
"977","29344","2",0,21
"978","29344","3",2,22
"979","29345","1",1,16
"980","29345","2",1,24
"981","29345","3",4,25
"982","29346","1",3,25
"983","29346","2",2,21
"984","29346","3",3,26
"985","29347","1",3,16
"986","29347","2",1,18
"987","29347","3",3,21
"988","29348","1",1,19
"989","29348","2",3,21
"990","29348","3",3,21
"991","29349","1",2,22
"992","29349","2",0,20
"993","29349","3",2,22
"994","29350","1",0,14
"995","29350","2",1,13
"996","29350","3",3,17
"997","29351","1",1,17
"998","29351","2",1,22
"999","29351","3",2,16
"1000","29352","1",1,27
"1001","29352","2",2,18
"1002","29352","3",3,26
"1003","29355","1",0,22
"1004","29355","2",0,17
"1005","29355","3",2,22
"1006","29354","1",0,14
"1007","29354","2",3,22
"1008","29354","3",1,12
"1009","29353","1",1,14
"1010","29353","2",3,23
"1011","29353","3",1,12
"1012","29356","1",0,13
"1013","29356","2",5,27
"1014","29356","3",1,15
"1015","29357","1",1,20
"1016","29357","2",1,13
"1017","29357","3",2,14
"1018","29358","1",1,22
"1019","29358","2",2,13
"1020","29358","3",1,18
"1021","29359","1",0,20
"1022","29359","2",2,14
"1023","29359","3",0,9
"1024","29360","1",0,14
"1025","29360","2",1,25
"1026","29360","3",2,19
"1027","29361","1",2,20
"1028","29361","2",4,15
"1029","29361","3",0,22
"1030","29362","1",0,15
"1031","29362","2",1,20
"1032","29362","3",3,24
"1033","29363","1",1,15
"1034","29363","2",3,24
"1035","29363","3",1,14
"1036","29364","1",2,27
"1037","29364","2",2,20
"1038","29364","3",0,22
"1039","29367","1",2,16
"1040","29367","2",1,27
"1041","29367","3",3,23
"1042","29366","1",1,22
"1043","29366","2",2,17
"1044","29366","3",2,14
"1045","29365","1",1,12
"1046","29365","2",1,26
"1047","29365","3",2,18
"1048","29368","1",2,22
"1049","29368","2",3,20
"1050","29368","3",3,11
"1051","29369","1",2,22
"1052","29369","2",3,18
"1053","29369","3",2,17
"1054","29370","1",2,21
"1055","29370","2",2,19
"1056","29370","3",3,16
"1057","29371","1",1,14
"1058","29371","2",1,20
"1059","29371","3",2,16
"1060","29372","1",0,19
"1061","29372","2",1,20
"1062","29372","3",1,20
"1063","29373","1",2,17
"1064","29373","2",2,18
"1065","29373","3",4,21
"1066","29374","1",2,16
"1067","29374","2",4,22
"1068","29374","3",1,20
"1069","29375","1",1,11
"1070","29375","2",0,21
"1071","29375","3",2,18
"1072","29376","1",2,22
"1073","29376","2",0,17
"1074","29376","3",2,16
"1075","29377","1",0,20
"1076","29377","2",2,18
"1077","29377","3",1,15
"1078","29378","1",2,21
"1079","29378","2",0,14
"1080","29378","3",1,14
"1081","29379","1",2,15
"1082","29379","2",3,23
"1083","29379","3",1,20
"1084","29380","1",3,29
"1085","29380","2",2,29
"1086","29380","3",3,17
"1087","29382","1",1,17
"1088","29382","2",2,20
"1089","29382","3",4,19
"1090","29381","1",0,7
"1091","29381","2",4,21
"1092","29381","3",0,25
"1093","29383","1",1,22
"1094","29383","2",1,22
"1095","29383","3",1,23
"1096","29384","1",2,18
"1097","29384","2",1,19
"1098","29384","3",3,20
"1099","29385","1",1,18
"1100","29385","2",0,19
"1101","29385","3",1,16
"1102","29386","1",1,25
"1103","29386","2",3,15
"1104","29386","3",2,23
"1105","29387","1",3,20
"1106","29387","2",0,20
"1107","29387","3",4,28
"1108","29388","1",0,19
"1109","29388","2",2,25
"1110","29388","3",0,18
"1111","29389","1",0,18
"1112","29389","2",2,28
"1113","29389","3",2,23
"1114","29390","1",0,13
"1115","29390","2",3,25
"1116","29390","3",0,17
"1117","29391","1",0,7
"1118","29391","2",2,22
"1119","29391","3",1,14
"1120","29392","1",1,17
"1121","29392","2",4,25
"1122","29392","3",1,16
"1123","29393","1",1,16
"1124","29393","2",2,24
"1125","29393","3",2,14
"1126","29394","1",2,19
"1127","29394","2",2,22
"1128","29394","3",2,23
"1129","29395","1",3,25
"1130","29395","2",2,23
"1131","29395","3",1,23
"1132","29396","1",1,12
"1133","29396","2",2,23
"1134","29396","3",0,14
"1135","29397","1",0,20
"1136","29397","2",1,15
"1137","29397","3",0,21
"1138","29398","1",2,10
"1139","29398","2",1,24
"1140","29398","3",3,16
"1141","29399","1",1,14
"1142","29399","2",2,17
"1143","29399","3",4,17
"1144","29400","1",2,14
"1145","29400","2",1,15
"1146","29400","3",3,12
"1147","29401","1",0,23
"1148","29401","2",2,18
"1149","29401","3",0,12
"1150","29402","1",1,17
"1151","29402","2",0,16
"1152","29402","3",1,16
"1153","29403","1",3,24
"1154","29403","2",3,19
"1155","29403","3",2,25
"1156","29404","1",1,22
"1157","29404","2",1,23
"1158","29404","3",0,19
"1159","29405","1",0,20
"1160","29405","2",0,17
"1161","29405","3",1,12
"1162","29406","1",1,23
"1163","29406","2",1,22
"1164","29406","3",0,21
"1165","29407","1",0,13
"1166","29407","2",6,26
"1167","29407","3",2,18
"1168","29411","1",2,30
"1169","29411","2",2,11
"1170","29411","3",1,16
"1171","29410","1",2,19
"1172","29410","2",2,26
"1173","29410","3",1,22
"1174","29409","1",1,19
"1175","29409","2",4,30
"1176","29409","3",3,16
"1177","29408","1",1,16
"1178","29408","2",0,23
"1179","29408","3",3,16
"1180","29412","1",2,17
"1181","29412","2",3,28
"1182","29412","3",0,17
"1183","29413","1",0,23
"1184","29413","2",1,22
"1185","29413","3",2,19
"1186","29414","1",2,10
"1187","29414","2",1,16
"1188","29414","3",1,13
"1189","29415","1",2,10
"1190","29415","2",2,22
"1191","29415","3",3,22
"1192","29416","1",4,12
"1193","29416","2",1,15
"1194","29416","3",4,14
"1195","29417","1",1,22
"1196","29417","2",1,21
"1197","29417","3",2,20
"1198","29418","1",2,18
"1199","29418","2",3,16
"1200","29418","3",1,20
"1201","29419","1",2,18
"1202","29419","2",1,22
"1203","29419","3",2,15
"1204","29420","1",4,16
"1205","29420","2",2,24
"1206","29420","3",0,22
"1207","29421","1",1,15
"1208","29421","2",2,16
"1209","29421","3",0,18
"1210","29422","1",1,14
"1211","29422","2",3,22
"1212","29422","3",0,17
"1213","29423","1",2,19
"1214","29423","2",2,16
"1215","29423","3",1,15
"1216","29424","1",0,10
"1217","29424","2",1,13
"1218","29424","3",1,10
"1219","29425","1",3,20
"1220","29425","2",2,22
"1221","29425","3",2,23
"1222","29426","1",3,24
"1223","29426","2",2,22
"1224","29426","3",1,24
"1225","29427","1",2,19
"1226","29427","2",1,24
"1227","29427","3",1,17
"1228","29428","1",0,13
"1229","29428","2",3,21
"1230","29428","3",1,26
"1231","29429","1",2,23
"1232","29429","2",2,18
"1233","29429","3",0,17
"1234","29430","1",1,18
"1235","29430","2",2,14
"1236","29430","3",3,18
"1237","29431","1",1,12
"1238","29431","2",2,16
"1239","29431","3",2,17
"1240","29432","1",1,21
"1241","29432","2",2,20
"1242","29432","3",2,20
"1243","29433","1",4,18
"1244","29433","2",2,18
"1245","29433","3",5,14
"1246","29434","1",4,23
"1247","29434","2",2,26
"1248","29434","3",0,17
"1249","29435","1",1,21
"1250","29435","2",0,19
"1251","29435","3",3,16
"1252","29436","1",0,15
"1253","29436","2",1,18
"1254","29436","3",5,13
"1255","29437","1",3,20
"1256","29437","2",0,17
"1257","29437","3",3,22
"1258","29438","1",0,22
"1259","29438","2",0,15
"1260","29438","3",3,21
"1261","29439","1",0,17
"1262","29439","2",2,17
"1263","29439","3",3,20
"1264","29440","1",1,14
"1265","29440","2",0,24
"1266","29440","3",4,23
"1267","29441","1",1,16
"1268","29441","2",1,20
"1269","29441","3",3,11
"1270","29442","1",0,20
"1271","29442","2",4,25
"1272","29442","3",2,21
"1273","29443","1",3,25
"1274","29443","2",0,21
"1275","29443","3",3,24
"1276","29444","1",4,16
"1277","29444","2",1,22
"1278","29444","3",5,26
"1279","29445","1",0,16
"1280","29445","2",2,20
"1281","29445","3",5,26
"1282","29446","1",0,20
"1283","29446","2",2,27
"1284","29446","3",2,14
"1285","29447","1",1,23
"1286","29447","2",1,30
"1287","29447","3",2,24
"1288","29448","1",1,20
"1289","29448","2",1,13
"1290","29448","3",0,23
"1291","29449","1",0,27
"1292","29449","2",3,22
"1293","29449","3",1,15
"1294","29450","1",4,24
"1295","29450","2",2,24
"1296","29450","3",6,23
"1297","29451","1",0,15
"1298","29451","2",2,16
"1299","29451","3",0,17
"1300","29452","1",1,17
"1301","29452","2",2,16
"1302","29452","3",3,23
"1303","29453","1",1,16
"1304","29453","2",1,17
"1305","29453","3",2,19
"1306","29454","1",2,15
"1307","29454","2",0,16
"1308","29454","3",0,16
"1309","29455","1",2,35
"1310","29455","2",2,19
"1311","29455","3",0,14
"1312","29456","1",1,20
"1313","29456","2",1,20
"1314","29456","3",1,16
"1315","29457","1",1,13
"1316","29457","2",2,20
"1317","29457","3",1,13
"1318","29459","1",3,25
"1319","29459","2",0,11
"1320","29459","3",2,25
"1321","29458","1",1,22
"1322","29458","2",0,13
"1323","29458","3",2,17
"1324","29460","1",2,18
"1325","29460","2",2,21
"1326","29460","3",4,21
"1327","29461","1",1,18
"1328","29461","2",2,15
"1329","29461","3",5,21
"1330","29462","1",0,14
"1331","29462","2",0,17
"1332","29462","3",2,24
"1333","29463","1",2,20
"1334","29463","2",2,19
"1335","29463","3",0,18
"1336","29464","1",2,14
"1337","29464","2",0,23
"1338","29464","3",2,24
"1339","29465","1",1,16
"1340","29465","2",0,24
"1341","29465","3",3,20
"1342","29466","1",2,23
"1343","29466","2",1,21
"1344","29466","3",1,27
"1345","29467","1",3,25
"1346","29467","2",0,30
"1347","29467","3",2,24
"1348","29468","1",0,17
"1349","29468","2",2,20
"1350","29468","3",1,18
"1351","29469","1",1,16
"1352","29469","2",5,20
"1353","29469","3",2,21
"1354","29470","1",0,15
"1355","29470","2",1,22
"1356","29470","3",2,26
"1357","29471","1",0,15
"1358","29471","2",1,15
"1359","29471","3",1,16
"1360","29472","1",0,21
"1361","29472","2",4,19
"1362","29472","3",2,11
"1363","29473","1",1,15
"1364","29473","2",4,13
"1365","29473","3",1,13
"1366","29474","1",1,15
"1367","29474","2",4,26
"1368","29474","3",1,19
"1369","29476","1",1,13
"1370","29476","2",3,21
"1371","29476","3",0,11
"1372","29475","1",3,20
"1373","29475","2",2,18
"1374","29475","3",3,24
"1375","29477","1",1,17
"1376","29477","2",1,10
"1377","29477","3",0,13
"1378","29478","1",2,29
"1379","29478","2",5,28
"1380","29478","3",1,15
"1381","29479","1",1,20
"1382","29479","2",4,25
"1383","29479","3",2,17
"1384","29480","1",1,21
"1385","29480","2",1,22
"1386","29480","3",1,13
"1387","29481","1",1,24
"1388","29481","2",4,31
"1389","29481","3",1,14
"1390","29482","1",1,22
"1391","29482","2",1,13
"1392","29482","3",1,17
"1393","29483","1",1,16
"1394","29483","2",1,22
"1395","29483","3",1,25
"1396","29484","1",0,22
"1397","29484","2",2,19
"1398","29484","3",1,25
"1399","29485","1",2,12
"1400","29485","2",1,21
"1401","29485","3",3,9
"1402","29486","1",1,24
"1403","29486","2",0,28
"1404","29486","3",1,15
"1405","29487","1",3,30
"1406","29487","2",2,21
"1407","29487","3",3,22
"1408","29488","1",0,25
"1409","29488","2",2,21
"1410","29488","3",1,19
"1411","29490","1",1,10
"1412","29490","2",2,24
"1413","29490","3",4,24
"1414","29489","1",1,22
"1415","29489","2",0,18
"1416","29489","3",2,21
"1417","29491","1",1,23
"1418","29491","2",1,31
"1419","29491","3",2,16
"1420","29492","1",3,19
"1421","29492","2",1,21
"1422","29492","3",0,23
"1423","29493","1",1,21
"1424","29493","2",1,22
"1425","29493","3",1,21
"1426","29494","1",3,13
"1427","29494","2",6,19
"1428","29494","3",3,21
"1429","29495","1",2,15
"1430","29495","2",3,22
"1431","29495","3",3,29
"1432","29496","1",1,14
"1433","29496","2",3,18
"1434","29496","3",4,10
"1435","29497","1",0,11
"1436","29497","2",0,16
"1437","29497","3",2,15
"1438","29498","1",0,25
"1439","29498","2",2,21
"1440","29498","3",4,22
"1441","29499","1",1,22
"1442","29499","2",2,15
"1443","29499","3",3,26
"1444","29500","1",4,22
"1445","29500","2",2,27
"1446","29500","3",1,15
"1447","29501","1",1,11
"1448","29501","2",1,23
"1449","29501","3",2,18
"1450","29502","1",2,15
"1451","29502","2",1,21
"1452","29502","3",2,24
"1453","29507","1",1,19
"1454","29507","2",4,19
"1455","29507","3",3,12
"1456","29506","1",1,25
"1457","29506","2",1,20
"1458","29506","3",2,20
"1459","29505","1",2,22
"1460","29505","2",1,25
"1461","29505","3",0,17
"1462","29504","1",2,15
"1463","29504","2",0,15
"1464","29504","3",1,10
"1465","29503","1",1,16
"1466","29503","2",0,20
"1467","29503","3",4,24
"1468","29508","1",2,20
"1469","29508","2",2,20
"1470","29508","3",1,21
"1471","29509","1",1,15
"1472","29509","2",0,17
"1473","29509","3",0,22
"1474","29510","1",2,22
"1475","29510","2",1,26
"1476","29510","3",3,21
"1477","29511","1",4,21
"1478","29511","2",4,27
"1479","29511","3",0,19
"1480","29512","1",1,12
"1481","29512","2",1,28
"1482","29512","3",0,18
"1483","29513","1",3,19
"1484","29513","2",2,24
"1485","29513","3",2,17
"1486","29514","1",0,28
"1487","29514","2",4,19
"1488","29514","3",2,16
"1489","29515","1",4,22
"1490","29515","2",4,26
"1491","29515","3",2,18
"1492","29516","1",4,24
"1493","29516","2",1,25
"1494","29516","3",1,16
"1495","29517","1",4,18
"1496","29517","2",0,20
"1497","29517","3",3,22
"1498","29518","1",2,23
"1499","29518","2",3,23
"1500","29518","3",2,14
"1501","29519","1",1,21
"1502","29519","2",4,17
"1503","29519","3",2,21
"1504","29520","1",1,19
"1505","29520","2",1,15
"1506","29520","3",1,19
"1507","29521","1",1,22
"1508","29521","2",1,13
"1509","29521","3",4,20
"1510","29522","1",2,22
"1511","29522","2",3,25
"1512","29522","3",4,22
"1513","29523","1",3,15
"1514","29523","2",3,10
"1515","29523","3",5,25
"1516","29524","1",2,23
"1517","29524","2",2,24
"1518","29524","3",0,19
"1519","29525","1",0,24
"1520","29525","2",0,23
"1521","29525","3",2,14
"1522","29526","1",2,13
"1523","29526","2",0,10
"1524","29526","3",2,16
"1525","29527","1",4,20
"1526","29527","2",1,11
"1527","29527","3",2,14
"1528","29528","1",1,11
"1529","29528","2",1,22
"1530","29528","3",1,13
"1531","29529","1",0,21
"1532","29529","2",1,23
"1533","29529","3",1,8
"1534","29530","1",1,15
"1535","29530","2",0,15
"1536","29530","3",2,17
"1537","29531","1",0,10
"1538","29531","2",1,22
"1539","29531","3",3,20
"1540","29532","1",3,20
"1541","29532","2",0,16
"1542","29532","3",2,17
"1543","29533","1",3,21
"1544","29533","2",1,25
"1545","29533","3",1,19
"1546","29534","1",3,27
"1547","29534","2",2,14
"1548","29534","3",3,18
"1549","29535","1",0,19
"1550","29535","2",3,24
"1551","29535","3",6,19
"1552","29536","1",2,24
"1553","29536","2",4,18
"1554","29536","3",1,15
"1555","29537","1",1,15
"1556","29537","2",2,34
"1557","29537","3",1,14
"1558","29538","1",0,13
"1559","29538","2",1,20
"1560","29538","3",3,12
"1561","29539","1",0,13
"1562","29539","2",3,29
"1563","29539","3",1,16
"1564","29540","1",2,10
"1565","29540","2",2,22
"1566","29540","3",1,17
"1567","29541","1",0,15
"1568","29541","2",4,24
"1569","29541","3",0,19
"1570","29542","1",1,17
"1571","29542","2",0,17
"1572","29542","3",5,25
"1573","29543","1",1,19
"1574","29543","2",1,20
"1575","29543","3",0,13
"1576","29544","1",1,26
"1577","29544","2",2,22
"1578","29544","3",1,13
"1579","29545","1",2,20
"1580","29545","2",1,17
"1581","29545","3",2,12
"1582","29546","1",0,20
"1583","29546","2",2,22
"1584","29546","3",2,22
"1585","29547","1",1,21
"1586","29547","2",0,20
"1587","29547","3",2,19
"1588","29548","1",0,23
"1589","29548","2",1,12
"1590","29548","3",2,28
"1591","29549","1",1,20
"1592","29549","2",0,19
"1593","29549","3",0,19
"1594","29550","1",1,22
"1595","29550","2",0,21
"1596","29550","3",1,19
"1597","29551","1",2,26
"1598","29551","2",2,24
"1599","29551","3",2,13
"1600","29552","1",2,18
"1601","29552","2",5,32
"1602","29552","3",1,18
"1603","29553","1",0,19
"1604","29553","2",2,19
"1605","29553","3",0,19
"1606","29554","1",1,25
"1607","29554","2",2,24
"1608","29554","3",3,21
"1609","29555","1",1,21
"1610","29555","2",2,25
"1611","29555","3",5,18
"1612","29556","1",1,20
"1613","29556","2",0,17
"1614","29556","3",3,27
"1615","29557","1",1,25
"1616","29557","2",2,19
"1617","29557","3",2,21
"1618","29558","1",3,17
"1619","29558","2",2,26
"1620","29558","3",4,21
"1621","29559","1",3,19
"1622","29559","2",2,28
"1623","29559","3",5,22
"1624","29560","1",4,19
"1625","29560","2",4,21
"1626","29560","3",1,14
"1627","29561","1",0,19
"1628","29561","2",3,22
"1629","29561","3",2,11
"1630","29562","1",4,31
"1631","29562","2",2,22
"1632","29562","3",3,23
"1633","29563","1",2,25
"1634","29563","2",1,17
"1635","29563","3",1,18
"1636","29565","1",2,19
"1637","29565","2",2,22
"1638","29565","3",1,18
"1639","29564","1",2,14
"1640","29564","2",1,24
"1641","29564","3",3,14
"1642","29566","1",0,10
"1643","29566","2",1,14
"1644","29566","3",0,11
"1645","29567","1",0,23
"1646","29567","2",5,31
"1647","29567","3",2,23
"1648","29568","1",5,17
"1649","29568","2",2,31
"1650","29568","3",5,18
"1651","29569","1",2,19
"1652","29569","2",2,30
"1653","29569","3",0,21
"1654","29570","1",1,25
"1655","29570","2",2,22
"1656","29570","3",4,23
"1657","29571","1",2,18
"1658","29571","2",0,21
"1659","29571","3",1,18
"1660","29572","1",2,13
"1661","29572","2",2,15
"1662","29572","3",3,20
"1663","29573","1",0,12
"1664","29573","2",2,21
"1665","29573","3",4,19
"1666","29574","1",0,22
"1667","29574","2",1,28
"1668","29574","3",2,26
"1669","29575","1",2,21
"1670","29575","2",2,30
"1671","29575","3",3,21
"1672","29576","1",0,19
"1673","29576","2",2,28
"1674","29576","3",4,22
"1675","29577","1",0,20
"1676","29577","2",2,23
"1677","29577","3",2,20
"1678","29578","1",2,20
"1679","29578","2",3,22
"1680","29578","3",1,24
"1681","29579","1",0,24
"1682","29579","2",3,21
"1683","29579","3",3,21
"1684","29580","1",1,20
"1685","29580","2",2,15
"1686","29580","3",2,13
"1687","29581","1",1,20
"1688","29581","2",0,19
"1689","29581","3",0,17
"1690","29582","1",2,20
"1691","29582","2",0,20
"1692","29582","3",4,18
"1693","29583","1",1,17
"1694","29583","2",2,25
"1695","29583","3",3,16
"1696","29584","1",0,15
"1697","29584","2",1,18
"1698","29584","3",1,18
"1699","29585","1",1,18
"1700","29585","2",3,21
"1701","29585","3",3,19
"1702","29586","1",3,22
"1703","29586","2",1,22
"1704","29586","3",2,25
"1705","29587","1",2,22
"1706","29587","2",0,16
"1707","29587","3",1,24
"1708","29594","1",4,21
"1709","29594","2",1,14
"1710","29594","3",3,20
"1711","29593","1",1,18
"1712","29593","2",1,14
"1713","29593","3",0,14
"1714","29592","1",2,32
"1715","29592","2",4,24
"1716","29592","3",1,27
"1717","29591","1",0,17
"1718","29591","2",2,20
"1719","29591","3",2,20
"1720","29590","1",1,17
"1721","29590","2",2,21
"1722","29590","3",0,22
"1723","29589","1",2,16
"1724","29589","2",1,24
"1725","29589","3",1,18
"1726","29588","1",0,22
"1727","29588","2",2,19
"1728","29588","3",3,32
"1729","29595","1",1,22
"1730","29595","2",3,25
"1731","29595","3",0,13
"1732","29596","1",1,15
"1733","29596","2",3,22
"1734","29596","3",1,18
"1735","29597","1",4,26
"1736","29597","2",3,32
"1737","29597","3",4,27
"1738","29598","1",1,18
"1739","29598","2",1,28
"1740","29598","3",1,23
"1741","29599","1",0,13
"1742","29599","2",1,20
"1743","29599","3",2,23
"1744","29600","1",2,22
"1745","29600","2",3,16
"1746","29600","3",0,17
"1747","29601","1",1,21
"1748","29601","2",0,11
"1749","29601","3",0,11
"1750","29602","1",1,24
"1751","29602","2",2,21
"1752","29602","3",1,24
"1753","29603","1",0,17
"1754","29603","2",3,21
"1755","29603","3",2,26
"1756","29604","1",0,15
"1757","29604","2",0,17
"1758","29604","3",0,17
"1759","29605","1",0,22
"1760","29605","2",3,27
"1761","29605","3",2,17
"1762","29606","1",1,17
"1763","29606","2",2,20
"1764","29606","3",2,19
"1765","29607","1",1,22
"1766","29607","2",2,20
"1767","29607","3",3,17
"1768","29608","1",3,20
"1769","29608","2",1,14
"1770","29608","3",4,18
"1771","29609","1",2,16
"1772","29609","2",3,19
"1773","29609","3",2,20
"1774","29610","1",0,14
"1775","29610","2",2,23
"1776","29610","3",2,19
"1777","29611","1",1,19
"1778","29611","2",2,24
"1779","29611","3",3,21
"1780","29612","1",1,21
"1781","29612","2",1,18
"1782","29612","3",3,24
"1783","29613","1",1,21
"1784","29613","2",1,21
"1785","29613","3",2,13
"1786","29614","1",1,17
"1787","29614","2",1,16
"1788","29614","3",1,12
"1789","29615","1",1,18
"1790","29615","2",1,18
"1791","29615","3",2,19
"1792","29616","1",3,26
"1793","29616","2",2,17
"1794","29616","3",1,20
"1795","29617","1",0,10
"1796","29617","2",2,20
"1797","29617","3",3,19
"1798","29618","1",1,26
"1799","29618","2",2,30
"1800","29618","3",1,21
"1801","29619","1",2,20
"1802","29619","2",2,28
"1803","29619","3",1,25
"1804","29620","1",2,13
"1805","29620","2",1,17
"1806","29620","3",2,18
"1807","29621","1",2,25
"1808","29621","2",3,17
"1809","29621","3",1,19
"1810","29622","1",1,18
"1811","29622","2",1,16
"1812","29622","3",0,16
"1813","29623","1",2,20
"1814","29623","2",0,24
"1815","29623","3",1,15
"1816","29624","1",0,22
"1817","29624","2",0,20
"1818","29624","3",3,25
"1819","29625","1",2,28
"1820","29625","2",0,16
"1821","29625","3",1,17
"1822","29626","1",1,18
"1823","29626","2",3,15
"1824","29626","3",1,18
"1825","29627","1",1,15
"1826","29627","2",2,24
"1827","29627","3",2,26
"1828","29628","1",1,22
"1829","29628","2",0,31
"1830","29628","3",3,21
"1831","29629","1",3,22
"1832","29629","2",3,14
"1833","29629","3",2,13
"1834","29630","1",1,14
"1835","29630","2",1,22
"1836","29630","3",3,17
"1837","29631","1",1,20
"1838","29631","2",4,22
"1839","29631","3",1,21
"1840","29632","1",1,16
"1841","29632","2",1,18
"1842","29632","3",4,21
"1843","29633","1",0,13
"1844","29633","2",2,18
"1845","29633","3",2,20
"1846","29637","1",0,19
"1847","29637","2",4,21
"1848","29637","3",3,19
"1849","29636","1",1,15
"1850","29636","2",3,20
"1851","29636","3",2,15
"1852","29635","1",1,26
"1853","29635","2",1,20
"1854","29635","3",0,20
"1855","29634","1",0,17
"1856","29634","2",3,24
"1857","29634","3",1,25
"1858","29638","1",0,17
"1859","29638","2",2,23
"1860","29638","3",1,20
"1861","29639","1",0,25
"1862","29639","2",1,14
"1863","29639","3",3,16
"1864","29640","1",2,14
"1865","29640","2",0,16
"1866","29640","3",2,22
"1867","29641","1",0,10
"1868","29641","2",2,13
"1869","29641","3",0,15
"1870","29642","1",3,19
"1871","29642","2",1,30
"1872","29642","3",2,24
"1873","29643","1",2,19
"1874","29643","2",4,35
"1875","29643","3",2,15
"1876","29644","1",2,26
"1877","29644","2",6,21
"1878","29644","3",1,25
"1879","29645","1",0,10
"1880","29645","2",0,10
"1881","29645","3",3,15
"1882","29646","1",2,14
"1883","29646","2",0,19
"1884","29646","3",1,23
"1885","29647","1",3,9
"1886","29647","2",0,16
"1887","29647","3",0,14
"1888","29648","1",0,21
"1889","29648","2",1,23
"1890","29648","3",2,19
"1891","29649","1",3,20
"1892","29649","2",3,13
"1893","29649","3",3,20
"1894","29650","1",2,20
"1895","29650","2",1,16
"1896","29650","3",1,19
"1897","29651","1",3,22
"1898","29651","2",1,14
"1899","29651","3",2,22
"1900","29652","1",3,22
"1901","29652","2",2,16
"1902","29652","3",2,15
"1903","29653","1",0,10
"1904","29653","2",3,12
"1905","29653","3",1,21
"1906","29654","1",3,19
"1907","29654","2",2,23
"1908","29654","3",2,19
"1909","29655","1",3,21
"1910","29655","2",1,19
"1911","29655","3",1,13
"1912","29656","1",3,18
"1913","29656","2",0,14
"1914","29656","3",2,17
"1915","29657","1",1,21
"1916","29657","2",3,26
"1917","29657","3",1,19
"1918","29658","1",1,24
"1919","29658","2",2,20
"1920","29658","3",1,15
"1921","29659","1",1,13
"1922","29659","2",2,21
"1923","29659","3",3,21
"1924","29660","1",1,18
"1925","29660","2",1,24
"1926","29660","3",2,22
"1927","29661","1",1,13
"1928","29661","2",2,21
"1929","29661","3",2,19
"1930","29662","1",4,20
"1931","29662","2",1,14
"1932","29662","3",1,17
"1933","29663","1",0,21
"1934","29663","2",2,21
"1935","29663","3",3,21
"1936","29664","1",0,24
"1937","29664","2",1,25
"1938","29664","3",3,18
"1939","29665","1",0,21
"1940","29665","2",2,29
"1941","29665","3",3,20
"1942","29666","1",3,23
"1943","29666","2",0,23
"1944","29666","3",0,27
"1945","29667","1",0,11
"1946","29667","2",1,20
"1947","29667","3",4,21
"1948","29668","1",1,18
"1949","29668","2",3,20
"1950","29668","3",4,20
"1951","29669","1",1,13
"1952","29669","2",1,19
"1953","29669","3",1,21
"1954","29670","1",0,17
"1955","29670","2",2,19
"1956","29670","3",2,15
"1957","29671","1",1,13
"1958","29671","2",1,22
"1959","29671","3",0,19
"1960","29672","1",1,19
"1961","29672","2",1,25
"1962","29672","3",3,21
"1963","29673","1",0,17
"1964","29673","2",2,19
"1965","29673","3",3,22
"1966","29674","1",2,15
"1967","29674","2",1,24
"1968","29674","3",1,18
"1969","29675","1",2,15
"1970","29675","2",3,17
"1971","29675","3",3,28
"1972","29676","1",1,22
"1973","29676","2",0,16
"1974","29676","3",0,12
"1975","29677","1",4,26
"1976","29677","2",1,13
"1977","29677","3",1,20
"1978","29678","1",2,28
"1979","29678","2",1,15
"1980","29678","3",1,19
"1981","29679","1",1,15
"1982","29679","2",2,23
"1983","29679","3",5,18
"1984","29683","1",1,26
"1985","29683","2",3,29
"1986","29683","3",2,13
"1987","29682","1",1,11
"1988","29682","2",1,19
"1989","29682","3",1,21
"1990","29681","1",2,15
"1991","29681","2",2,30
"1992","29681","3",1,18
"1993","29680","1",2,31
"1994","29680","2",2,21
"1995","29680","3",1,22
"1996","29684","1",1,23
"1997","29684","2",0,18
"1998","29684","3",2,13
"1999","29685","1",1,18
"2000","29685","2",0,20
"2001","29685","3",1,16
"2002","29686","1",1,22
"2003","29686","2",0,19
"2004","29686","3",1,23
"2005","29687","1",1,29
"2006","29687","2",2,22
"2007","29687","3",3,19
"2008","29688","1",2,24
"2009","29688","2",1,15
"2010","29688","3",2,15
"2011","29689","1",0,16
"2012","29689","2",1,25
"2013","29689","3",1,26
"2014","29690","1",0,8
"2015","29690","2",2,25
"2016","29690","3",2,26
"2017","29691","1",2,21
"2018","29691","2",3,21
"2019","29691","3",2,15
"2020","29692","1",2,16
"2021","29692","2",2,24
"2022","29692","3",3,22
"2023","29693","1",0,21
"2024","29693","2",1,18
"2025","29693","3",1,18
"2026","29694","1",0,12
"2027","29694","2",4,23
"2028","29694","3",1,23
"2029","29695","1",2,15
"2030","29695","2",1,23
"2031","29695","3",3,19
"2032","29696","1",2,23
"2033","29696","2",2,25
"2034","29696","3",3,15
"2035","29697","1",0,22
"2036","29697","2",2,25
"2037","29697","3",1,24
"2038","29698","1",0,20
"2039","29698","2",2,22
"2040","29698","3",1,13
"2041","29699","1",1,16
"2042","29699","2",2,17
"2043","29699","3",3,12
"2044","29700","1",2,19
"2045","29700","2",3,20
"2046","29700","3",1,15
"2047","29701","1",1,28
"2048","29701","2",2,19
"2049","29701","3",1,18
"2050","29702","1",2,25
"2051","29702","2",1,22
"2052","29702","3",2,21
"2053","29703","1",3,17
"2054","29703","2",4,25
"2055","29703","3",2,21
"2056","29704","1",1,19
"2057","29704","2",2,23
"2058","29704","3",2,21
"2059","29705","1",4,21
"2060","29705","2",2,16
"2061","29705","3",4,20
"2062","29706","1",1,22
"2063","29706","2",3,23
"2064","29706","3",1,21
"2065","29707","1",4,22
"2066","29707","2",0,16
"2067","29707","3",1,20
"2068","29708","1",1,18
"2069","29708","2",0,18
"2070","29708","3",2,14
"2071","29709","1",0,19
"2072","29709","2",1,21
"2073","29709","3",2,23
"2074","29710","1",2,14
"2075","29710","2",0,25
"2076","29710","3",2,14
"2077","29711","1",1,15
"2078","29711","2",1,23
"2079","29711","3",4,19
"2080","29712","1",5,16
"2081","29712","2",1,16
"2082","29712","3",3,20
"2083","29713","1",2,20
"2084","29713","2",3,26
"2085","29713","3",2,31
"2086","29714","1",1,14
"2087","29714","2",3,27
"2088","29714","3",2,15
"2089","29716","1",2,17
"2090","29716","2",1,15
"2091","29716","3",0,19
"2092","29715","1",0,22
"2093","29715","2",0,26
"2094","29715","3",0,18
"2095","29717","1",2,19
"2096","29717","2",1,16
"2097","29717","3",2,20
"2098","29718","1",1,18
"2099","29718","2",3,19
"2100","29718","3",1,23
"2101","29719","1",2,15
"2102","29719","2",0,16
"2103","29719","3",2,16
"2104","29720","1",0,20
"2105","29720","2",2,19
"2106","29720","3",1,21
"2107","29721","1",0,20
"2108","29721","2",0,24
"2109","29721","3",3,20
"2110","29723","1",2,26
"2111","29723","2",3,24
"2112","29723","3",0,13
"2113","29724","1",1,18
"2114","29724","2",3,28
"2115","29724","3",3,18
"2116","29725","1",3,21
"2117","29725","2",1,17
"2118","29725","3",0,21
"2119","29726","1",0,18
"2120","29726","2",1,25
"2121","29726","3",1,27
"2122","29727","1",2,19
"2123","29727","2",1,18
"2124","29727","3",6,25
"2125","29728","1",3,19
"2126","29728","2",2,22
"2127","29728","3",2,20
"2128","29733","1",1,14
"2129","29733","2",1,12
"2130","29733","3",2,13
"2131","29732","1",0,24
"2132","29732","2",4,24
"2133","29732","3",3,27
"2134","29731","1",3,22
"2135","29731","2",1,23
"2136","29731","3",3,17
"2137","29730","1",2,17
"2138","29730","2",1,13
"2139","29730","3",1,11
"2140","29729","1",0,24
"2141","29729","2",4,19
"2142","29729","3",0,14
"2143","29735","1",1,17
"2144","29735","2",2,23
"2145","29735","3",1,18
"2146","29736","1",1,18
"2147","29736","2",3,18
"2148","29736","3",1,16
"2149","29737","1",2,18
"2150","29737","2",1,15
"2151","29737","3",2,16
"2152","29739","1",0,25
"2153","29739","2",1,19
"2154","29739","3",2,24
"2155","29740","1",2,22
"2156","29740","2",2,24
"2157","29740","3",3,25
"2158","29741","1",0,18
"2159","29741","2",1,17
"2160","29741","3",1,15
"2161","29742","1",0,15
"2162","29742","2",1,24
"2163","29742","3",3,22
"2164","29743","1",2,18
"2165","29743","2",2,20
"2166","29743","3",2,17
"2167","29744","1",2,16
"2168","29744","2",1,20
"2169","29744","3",6,23
"2170","29745","1",2,24
"2171","29745","2",1,21
"2172","29745","3",2,22
"2173","29746","1",2,20
"2174","29746","2",2,22
"2175","29746","3",3,17
"2176","29747","1",0,13
"2177","29747","2",2,25
"2178","29747","3",1,16
"2179","29748","1",0,17
"2180","29748","2",0,13
"2181","29748","3",2,28
"2182","29749","1",3,29
"2183","29749","2",2,24
"2184","29749","3",3,20
"2185","29750","1",1,18
"2186","29750","2",1,22
"2187","29750","3",0,16
"2188","29751","1",3,22
"2189","29751","2",2,18
"2190","29751","3",0,26
"2191","29752","1",2,20
"2192","29752","2",2,20
"2193","29752","3",3,16
"2194","29753","1",2,20
"2195","29753","2",2,14
"2196","29753","3",1,24
"2197","29754","1",1,12
"2198","29754","2",3,25
"2199","29754","3",2,13
"2200","29755","1",2,21
"2201","29755","2",4,28
"2202","29755","3",1,22
"2203","29756","1",2,18
"2204","29756","2",0,17
"2205","29756","3",1,13
"2206","29757","1",2,15
"2207","29757","2",2,16
"2208","29757","3",3,15
"2209","29758","1",1,23
"2210","29758","2",0,16
"2211","29758","3",0,20
"2212","29759","1",2,18
"2213","29759","2",3,17
"2214","29759","3",1,25
"2215","29760","1",1,15
"2216","29760","2",1,13
"2217","29760","3",1,23
"2218","29761","1",2,23
"2219","29761","2",3,16
"2220","29761","3",2,18
"2221","29762","1",1,18
"2222","29762","2",1,28
"2223","29762","3",4,26
"2224","29763","1",1,20
"2225","29763","2",1,22
"2226","29763","3",3,16
"2227","29764","1",1,32
"2228","29764","2",4,23
"2229","29764","3",3,26
"2230","29765","1",3,26
"2231","29765","2",1,24
"2232","29765","3",2,18
"2233","29766","1",5,21
"2234","29766","2",4,27
"2235","29766","3",2,19
"2236","29767","1",2,24
"2237","29767","2",2,17
"2238","29767","3",3,16
"2239","29769","1",1,13
"2240","29769","2",4,21
"2241","29769","3",3,17
"2242","29768","1",0,12
"2243","29768","2",0,10
"2244","29768","3",1,17
"2245","29770","1",3,20
"2246","29770","2",0,17
"2247","29770","3",0,28
"2248","29771","1",1,26
"2249","29771","2",4,23
"2250","29771","3",1,23
"2251","29772","1",1,17
"2252","29772","2",5,24
"2253","29772","3",2,20
"2254","29773","1",1,24
"2255","29773","2",4,17
"2256","29773","3",0,16
"2257","29774","1",1,23
"2258","29774","2",2,19
"2259","29774","3",3,25
"2260","29775","1",0,14
"2261","29775","2",3,23
"2262","29775","3",1,11
"2263","29776","1",2,19
"2264","29776","2",2,15
"2265","29776","3",1,19
"2266","29777","1",1,11
"2267","29777","2",2,21
"2268","29777","3",1,21
"2269","29778","1",2,14
"2270","29778","2",2,21
"2271","29778","3",2,13
"2272","29779","1",2,16
"2273","29779","2",1,12
"2274","29779","3",2,21
"2275","29780","1",2,25
"2276","29780","2",0,25
"2277","29780","3",2,18
"2278","29781","1",4,26
"2279","29781","2",2,20
"2280","29781","3",3,20
"2281","29782","1",4,31
"2282","29782","2",2,19
"2283","29782","3",3,22
"2284","29784","1",2,15
"2285","29784","2",4,19
"2286","29784","3",3,25
"2287","29783","1",0,29
"2288","29783","2",3,16
"2289","29783","3",1,14
"2290","29785","1",3,19
"2291","29785","2",2,27
"2292","29785","3",1,21
"2293","29786","1",1,12
"2294","29786","2",5,27
"2295","29786","3",2,22
"2296","29787","1",1,19
"2297","29787","2",0,14
"2298","29787","3",1,28
"2299","29788","1",2,16
"2300","29788","2",3,19
"2301","29788","3",1,14
"2302","29789","1",3,17
"2303","29789","2",3,20
"2304","29789","3",3,22
"2305","29790","1",4,17
"2306","29790","2",1,23
"2307","29790","3",3,25
"2308","29791","1",1,18
"2309","29791","2",1,17
"2310","29791","3",1,14
"2311","29792","1",1,20
"2312","29792","2",3,24
"2313","29792","3",3,22
"2314","29793","1",0,12
"2315","29793","2",1,22
"2316","29793","3",3,15
"2317","29794","1",0,14
"2318","29794","2",1,28
"2319","29794","3",3,12
"2320","29795","1",2,25
"2321","29795","2",2,18
"2322","29795","3",2,17
"2323","29796","1",2,15
"2324","29796","2",2,21
"2325","29796","3",2,13
"2326","29799","1",0,29
"2327","29799","2",1,23
"2328","29799","3",3,21
"2329","29798","1",3,18
"2330","29798","2",1,20
"2331","29798","3",3,14
"2332","29797","1",1,23
"2333","29797","2",1,29
"2334","29797","3",0,21
"2335","29800","1",0,16
"2336","29800","2",4,32
"2337","29800","3",1,15
"2338","29801","1",1,17
"2339","29801","2",3,19
"2340","29801","3",4,24
"2341","29802","1",4,20
"2342","29802","2",2,30
"2343","29802","3",0,13
"2344","29803","1",2,18
"2345","29803","2",3,29
"2346","29803","3",1,26
"2347","29804","1",0,12
"2348","29804","2",1,27
"2349","29804","3",4,26
"2350","29805","1",1,21
"2351","29805","2",2,22
"2352","29805","3",2,22
"2353","29806","1",1,26
"2354","29806","2",1,20
"2355","29806","3",0,19
"2356","29807","1",3,23
"2357","29807","2",5,19
"2358","29807","3",1,20
"2359","29808","1",0,26
"2360","29808","2",1,25
"2361","29808","3",2,14
"2362","29809","1",4,28
"2363","29809","2",2,24
"2364","29809","3",2,21
"2365","29810","1",3,23
"2366","29810","2",2,21
"2367","29810","3",1,17
"2368","29811","1",0,13
"2369","29811","2",0,23
"2370","29811","3",3,18
"2371","29812","1",3,30
"2372","29812","2",4,34
"2373","29812","3",4,30
"2374","29813","1",3,20
"2375","29813","2",5,24
"2376","29813","3",3,25
"2377","29815","1",2,20
"2378","29815","2",1,15
"2379","29815","3",2,20
"2380","29816","1",3,19
"2381","29816","2",0,26
"2382","29816","3",1,20
"2383","29817","1",1,21
"2384","29817","2",3,23
"2385","29817","3",2,22
"2386","29820","1",3,23
"2387","29820","2",2,22
"2388","29820","3",1,21
"2389","29819","1",1,20
"2390","29819","2",2,13
"2391","29819","3",5,16
"2392","29818","1",0,15
"2393","29818","2",2,18
"2394","29818","3",0,17
"2395","29814","1",2,13
"2396","29814","2",0,16
"2397","29814","3",1,17
"2398","29821","1",0,18
"2399","29821","2",1,25
"2400","29821","3",1,17
"2401","29822","1",0,18
"2402","29822","2",3,22
"2403","29822","3",1,18
"2404","29823","1",3,19
"2405","29823","2",3,23
"2406","29823","3",1,16
"2407","29824","1",1,23
"2408","29824","2",0,16
"2409","29824","3",3,13
"2410","29825","1",1,17
"2411","29825","2",0,17
"2412","29825","3",2,22
"2413","29826","1",1,18
"2414","29826","2",2,23
"2415","29826","3",0,19
"2416","29827","1",3,24
"2417","29827","2",2,21
"2418","29827","3",2,15
"2419","29828","1",0,20
"2420","29828","2",4,24
"2421","29828","3",2,26
"2422","29829","1",1,17
"2423","29829","2",2,18
"2424","29829","3",3,20
"2425","29830","1",1,22
"2426","29830","2",4,15
"2427","29830","3",2,19
"2428","29831","1",0,18
"2429","29831","2",4,30
"2430","29831","3",3,21
"2431","29832","1",5,29
"2432","29832","2",0,26
"2433","29832","3",3,20
"2434","29833","1",4,31
"2435","29833","2",0,24
"2436","29833","3",2,23
"2437","29834","1",2,17
"2438","29834","2",3,27
"2439","29834","3",2,27
"2440","29835","1",5,21
"2441","29835","2",2,15
"2442","29835","3",3,23
"2443","29836","1",3,18
"2444","29836","2",6,23
"2445","29836","3",1,11
"2446","29837","1",3,22
"2447","29837","2",3,20
"2448","29837","3",2,15
"2449","29838","1",0,21
"2450","29838","2",1,16
"2451","29838","3",1,13
"2452","29839","1",1,17
"2453","29839","2",1,21
"2454","29839","3",2,22
"2455","29840","1",1,20
"2456","29840","2",2,24
"2457","29840","3",3,13
"2458","29841","1",4,21
"2459","29841","2",2,20
"2460","29841","3",2,19
"2461","29842","1",1,18
"2462","29842","2",2,27
"2463","29842","3",2,17
"2464","29843","1",1,10
"2465","29843","2",0,25
"2466","29843","3",1,16
"2467","29844","1",1,15
"2468","29844","2",2,19
"2469","29844","3",3,18
"2470","29848","1",0,23
"2471","29848","2",3,21
"2472","29848","3",4,13
"2473","29847","1",1,20
"2474","29847","2",1,32
"2475","29847","3",4,23
"2476","29846","1",1,23
"2477","29846","2",7,22
"2478","29846","3",1,12
"2479","29845","1",2,22
"2480","29845","2",1,13
"2481","29845","3",2,15
"2482","29849","1",0,13
"2483","29849","2",4,23
"2484","29849","3",3,22
"2485","29850","1",0,20
"2486","29850","2",1,20
"2487","29850","3",3,23
"2488","29851","1",0,13
"2489","29851","2",1,20
"2490","29851","3",1,19
"2491","29852","1",2,19
"2492","29852","2",1,25
"2493","29852","3",2,7
"2494","30252","1",3,19
"2495","30252","2",1,18
"2496","30252","3",1,19
"2497","30253","1",1,17
"2498","30253","2",0,12
"2499","30253","3",0,17
"2500","29855","1",5,15
"2501","29855","2",4,24
"2502","29855","3",2,18
"2503","29856","1",0,16
"2504","29856","2",1,21
"2505","29856","3",2,22
"2506","29857","1",1,18
"2507","29857","2",0,18
"2508","29857","3",3,16
"2509","29858","1",0,16
"2510","29858","2",3,27
"2511","29858","3",2,18
"2512","29859","1",5,25
"2513","29859","2",4,22
"2514","29859","3",1,18
"2515","29860","1",1,16
"2516","29860","2",0,18
"2517","29860","3",1,19
"2518","29861","1",1,17
"2519","29861","2",3,23
"2520","29861","3",0,16
"2521","29862","1",2,27
"2522","29862","2",1,20
"2523","29862","3",6,22
"2524","29863","1",3,14
"2525","29863","2",4,19
"2526","29863","3",1,13
"2527","29864","1",3,21
"2528","29864","2",3,14
"2529","29864","3",1,25
"2530","29865","1",2,16
"2531","29865","2",1,16
"2532","29865","3",6,18
"2533","29866","1",1,21
"2534","29866","2",1,30
"2535","29866","3",2,21
"2536","29867","1",1,13
"2537","29867","2",1,17
"2538","29867","3",1,20
"2539","29868","1",2,23
"2540","29868","2",0,18
"2541","29868","3",0,16
"2542","29869","1",2,21
"2543","29869","2",0,27
"2544","29869","3",0,11
"2545","29870","1",1,17
"2546","29870","2",3,22
"2547","29870","3",2,22
"2548","29871","1",0,8
"2549","29871","2",1,16
"2550","29871","3",1,13
"2551","29872","1",1,17
"2552","29872","2",3,24
"2553","29872","3",4,17
"2554","29873","1",1,16
"2555","29873","2",2,16
"2556","29873","3",5,22
"2557","29874","1",1,18
"2558","29874","2",3,27
"2559","29874","3",1,17
"2560","29875","1",2,19
"2561","29875","2",4,22
"2562","29875","3",2,11
"2563","29876","1",1,18
"2564","29876","2",2,18
"2565","29876","3",1,18
"2566","29877","1",3,24
"2567","29877","2",3,26
"2568","29877","3",3,27
"2569","29881","1",0,18
"2570","29881","2",0,11
"2571","29881","3",2,4
"2572","29880","1",3,21
"2573","29880","2",1,17
"2574","29880","3",6,23
"2575","29879","1",2,15
"2576","29879","2",2,19
"2577","29879","3",2,20
"2578","29878","1",1,19
"2579","29878","2",2,18
"2580","29878","3",3,20
"2581","29882","1",1,24
"2582","29882","2",0,20
"2583","29882","3",1,20
"2584","29883","1",2,23
"2585","29883","2",0,16
"2586","29883","3",0,14
"2587","29884","1",4,23
"2588","29884","2",2,17
"2589","29884","3",1,20
"2590","29885","1",1,29
"2591","29885","2",4,27
"2592","29885","3",4,25
"2593","29886","1",0,19
"2594","29886","2",2,19
"2595","29886","3",5,16
"2596","29887","1",1,19
"2597","29887","2",0,20
"2598","29887","3",0,12
"2599","29888","1",2,16
"2600","29888","2",1,23
"2601","29888","3",4,22
"2602","29889","1",2,26
"2603","29889","2",0,23
"2604","29889","3",2,24
"2605","29890","1",2,24
"2606","29890","2",0,23
"2607","29890","3",2,15
"2608","29891","1",3,21
"2609","29891","2",3,27
"2610","29891","3",1,13
"2611","30254","1",2,26
"2612","30254","2",4,15
"2613","30254","3",0,18
"2614","29893","1",3,17
"2615","29893","2",2,19
"2616","29893","3",3,15
"2617","29894","1",0,15
"2618","29894","2",3,17
"2619","29894","3",1,16
"2620","29895","1",1,21
"2621","29895","2",1,18
"2622","29895","3",2,23
"2623","29896","1",3,22
"2624","29896","2",1,16
"2625","29896","3",3,18
"2626","29897","1",2,16
"2627","29897","2",0,25
"2628","29897","3",0,21
"2629","29898","1",4,25
"2630","29898","2",3,24
"2631","29898","3",3,22
"2632","29899","1",5,21
"2633","29899","2",1,22
"2634","29899","3",4,19
"2635","29900","1",2,20
"2636","29900","2",1,22
"2637","29900","3",2,14
"2638","30255","1",2,21
"2639","30255","2",2,22
"2640","30255","3",3,15
"2641","29902","1",2,20
"2642","29902","2",2,23
"2643","29902","3",3,22
"2644","29903","1",0,22
"2645","29903","2",0,16
"2646","29903","3",0,10
"2647","29904","1",1,12
"2648","29904","2",3,13
"2649","29904","3",2,24
"2650","29905","1",1,15
"2651","29905","2",2,18
"2652","29905","3",4,24
"2653","29906","1",2,19
"2654","29906","2",1,27
"2655","29906","3",3,21
"2656","29907","1",2,22
"2657","29907","2",4,23
"2658","29907","3",4,20
"2659","29908","1",0,16
"2660","29908","2",2,21
"2661","29908","3",3,24
"2662","29909","1",2,20
"2663","29909","2",0,22
"2664","29909","3",0,14
"2665","29910","1",4,24
"2666","29910","2",2,24
"2667","29910","3",3,13
"2668","29911","1",3,19
"2669","29911","2",2,22
"2670","29911","3",2,14
"2671","29912","1",1,21
"2672","29912","2",2,22
"2673","29912","3",1,12
"2674","29913","1",1,15
"2675","29913","2",2,19
"2676","29913","3",2,19
"2677","29914","1",1,10
"2678","29914","2",1,16
"2679","29914","3",0,23
"2680","29915","1",1,26
"2681","29915","2",1,20
"2682","29915","3",1,20
"2683","29916","1",2,26
"2684","29916","2",1,15
"2685","29916","3",2,21
"2686","29917","1",1,18
"2687","29917","2",3,14
"2688","29917","3",4,20
"2689","29918","1",1,21
"2690","29918","2",2,22
"2691","29918","3",2,14
"2692","29919","1",0,16
"2693","29919","2",3,26
"2694","29919","3",0,18
"2695","29920","1",2,24
"2696","29920","2",3,25
"2697","29920","3",2,21
"2698","29921","1",1,23
"2699","29921","2",2,23
"2700","29921","3",3,25
"2701","29922","1",2,20
"2702","29922","2",0,21
"2703","29922","3",4,26
"2704","29923","1",0,15
"2705","29923","2",1,26
"2706","29923","3",0,14
"2707","29924","1",1,24
"2708","29924","2",3,21
"2709","29924","3",1,12
"2710","29925","1",3,18
"2711","29925","2",3,20
"2712","29925","3",1,12
"2713","29926","1",2,21
"2714","29926","2",1,16
"2715","29926","3",1,23
"2716","29927","1",2,15
"2717","29927","2",1,15
"2718","29927","3",2,19
"2719","29928","1",1,19
"2720","29928","2",1,20
"2721","29928","3",1,20
"2722","29930","1",3,21
"2723","29930","2",2,18
"2724","29930","3",4,19
"2725","29929","1",0,22
"2726","29929","2",2,29
"2727","29929","3",2,20
"2728","29931","1",1,24
"2729","29931","2",0,21
"2730","29931","3",1,16
"2731","29932","1",2,17
"2732","29932","2",3,25
"2733","29932","3",3,24
"2734","29933","1",0,22
"2735","29933","2",1,17
"2736","29933","3",2,24
"2737","29934","1",1,23
"2738","29934","2",2,24
"2739","29934","3",1,10
"2740","29935","1",1,15
"2741","29935","2",2,23
"2742","29935","3",2,21
"2743","29936","1",2,23
"2744","29936","2",0,16
"2745","29936","3",3,23
"2746","29937","1",0,18
"2747","29937","2",0,18
"2748","29937","3",2,15
"2749","29938","1",1,13
"2750","29938","2",1,17
"2751","29938","3",2,17
"2752","29939","1",4,27
"2753","29939","2",0,21
"2754","29939","3",2,16
"2755","29940","1",0,17
"2756","29940","2",3,23
"2757","29940","3",2,21
"2758","29941","1",1,14
"2759","29941","2",2,21
"2760","29941","3",3,17
"2761","29942","1",1,24
"2762","29942","2",3,18
"2763","29942","3",1,15
"2764","29943","1",0,18
"2765","29943","2",2,24
"2766","29943","3",3,25
"2767","29944","1",2,16
"2768","29944","2",1,33
"2769","29944","3",2,19
"2770","29945","1",3,25
"2771","29945","2",0,8
"2772","29945","3",5,22
"2773","29946","1",3,16
"2774","29946","2",3,26
"2775","29946","3",4,22
"2776","29947","1",0,15
"2777","29947","2",1,22
"2778","29947","3",1,21
"2779","30256","1",2,23
"2780","30256","2",1,18
"2781","30256","3",2,12
"2782","29949","1",3,22
"2783","29949","2",2,28
"2784","29949","3",2,24
"2785","29950","1",1,15
"2786","29950","2",1,18
"2787","29950","3",2,12
"2788","29951","1",3,25
"2789","29951","2",2,22
"2790","29951","3",0,16
"2791","29952","1",0,19
"2792","29952","2",1,13
"2793","29952","3",4,20
"2794","29953","1",2,23
"2795","29953","2",2,16
"2796","29953","3",2,19
"2797","29954","1",0,11
"2798","29954","2",1,28
"2799","29954","3",3,24
"2800","29955","1",1,21
"2801","29955","2",0,13
"2802","29955","3",2,16
"2803","29956","1",2,15
"2804","29956","2",3,26
"2805","29956","3",3,20
"2806","29957","1",2,22
"2807","29957","2",2,20
"2808","29957","3",2,21
"2809","29958","1",0,24
"2810","29958","2",2,16
"2811","29958","3",1,20
"2812","29959","1",0,23
"2813","29959","2",2,23
"2814","29959","3",2,24
"2815","29960","1",3,20
"2816","29960","2",2,19
"2817","29960","3",3,20
"2818","29961","1",1,13
"2819","29961","2",0,17
"2820","29961","3",2,20
"2821","29963","1",1,14
"2822","29963","2",1,16
"2823","29963","3",2,19
"2824","29962","1",1,25
"2825","29962","2",0,26
"2826","29962","3",1,16
"2827","29964","1",2,29
"2828","29964","2",2,27
"2829","29964","3",2,27
"2830","30251","1",1,23
"2831","30251","2",3,26
"2832","30251","3",1,18
"2833","29965","1",2,27
"2834","29965","2",4,24
"2835","29965","3",2,21
"2836","29966","1",4,23
"2837","29966","2",2,22
"2838","29966","3",3,18
"2839","29967","1",1,21
"2840","29967","2",2,14
"2841","29967","3",2,19
"2842","29968","1",2,8
"2843","29968","2",1,22
"2844","29968","3",2,27
"2845","29969","1",2,14
"2846","29969","2",1,20
"2847","29969","3",2,18
"2848","29970","1",1,17
"2849","29970","2",2,29
"2850","29970","3",4,20
"2851","29971","1",0,19
"2852","29971","2",2,23
"2853","29971","3",2,16
"2854","29972","1",3,17
"2855","29972","2",3,22
"2856","29972","3",0,13
"2857","29973","1",0,12
"2858","29973","2",5,30
"2859","29973","3",4,22
"2860","29974","1",1,20
"2861","29974","2",2,25
"2862","29974","3",1,21
"2863","29975","1",0,16
"2864","29975","2",4,29
"2865","29975","3",1,9
"2866","29976","1",0,21
"2867","29976","2",2,10
"2868","29976","3",1,13
"2869","29977","1",0,19
"2870","29977","2",2,22
"2871","29977","3",3,22
"2872","29979","1",1,21
"2873","29979","2",1,15
"2874","29979","3",4,18
"2875","29978","1",3,22
"2876","29978","2",2,26
"2877","29978","3",3,13
"2878","29981","1",2,18
"2879","29981","2",4,16
"2880","29981","3",0,15
"2881","29980","1",3,22
"2882","29980","2",2,12
"2883","29980","3",0,32
"2884","29982","1",2,22
"2885","29982","2",1,24
"2886","29982","3",2,14
"2887","29983","1",3,15
"2888","29983","2",0,16
"2889","29983","3",2,15
"2890","29984","1",2,16
"2891","29984","2",2,26
"2892","29984","3",1,15
"2893","29985","1",2,21
"2894","29985","2",5,21
"2895","29985","3",2,21
"2896","29986","1",1,16
"2897","29986","2",3,15
"2898","29986","3",2,14
"2899","29987","1",1,14
"2900","29987","2",2,18
"2901","29987","3",1,23
"2902","29988","1",2,14
"2903","29988","2",3,22
"2904","29988","3",1,25
"2905","29989","1",1,24
"2906","29989","2",2,22
"2907","29989","3",4,30
"2908","29990","1",0,22
"2909","29990","2",3,18
"2910","29990","3",2,16
"2911","29995","1",0,12
"2912","29995","2",2,26
"2913","29995","3",4,20
"2914","29994","1",2,23
"2915","29994","2",2,17
"2916","29994","3",2,15
"2917","29993","1",1,13
"2918","29993","2",2,20
"2919","29993","3",3,16
"2920","29992","1",2,23
"2921","29992","2",1,26
"2922","29992","3",2,25
"2923","29991","1",1,16
"2924","29991","2",1,27
"2925","29991","3",0,14
"2926","29996","1",0,17
"2927","29996","2",3,18
"2928","29996","3",3,24
"2929","29997","1",2,21
"2930","29997","2",1,16
"2931","29997","3",3,23
"2932","29998","1",0,20
"2933","29998","2",2,14
"2934","29998","3",1,15
"2935","29999","1",2,14
"2936","29999","2",3,18
"2937","29999","3",2,16
"2938","30000","1",7,23
"2939","30000","2",0,18
"2940","30000","3",3,17
"2941","30001","1",3,19
"2942","30001","2",0,16
"2943","30001","3",2,25
"2944","30002","1",0,14
"2945","30002","2",3,34
"2946","30002","3",0,23
"2947","30003","1",2,19
"2948","30003","2",1,27
"2949","30003","3",3,21
"2950","30004","1",1,12
"2951","30004","2",1,28
"2952","30004","3",4,18
"2953","30005","1",2,15
"2954","30005","2",2,26
"2955","30005","3",2,14
"2956","30006","1",5,32
"2957","30006","2",2,23
"2958","30006","3",1,18
"2959","30007","1",1,23
"2960","30007","2",1,29
"2961","30007","3",2,23
"2962","30008","1",1,19
"2963","30008","2",0,22
"2964","30008","3",1,29
"2965","30009","1",1,17
"2966","30009","2",0,19
"2967","30009","3",1,19
"2968","30010","1",0,17
"2969","30010","2",3,20
"2970","30010","3",3,14
"2971","30011","1",1,14
"2972","30011","2",4,25
"2973","30011","3",1,23
"2974","30012","1",2,20
"2975","30012","2",0,20
"2976","30012","3",1,22
"2977","30013","1",2,17
"2978","30013","2",3,27
"2979","30013","3",1,14
"2980","30014","1",0,20
"2981","30014","2",3,19
"2982","30014","3",5,28
"2983","30015","1",2,25
"2984","30015","2",4,16
"2985","30015","3",0,18
"2986","30016","1",0,19
"2987","30016","2",0,30
"2988","30016","3",0,25
"2989","30017","1",3,14
"2990","30017","2",0,17
"2991","30017","3",3,23
"2992","30018","1",2,21
"2993","30018","2",1,14
"2994","30018","3",0,18
"2995","30019","1",2,19
"2996","30019","2",2,20
"2997","30019","3",2,18
"2998","30020","1",0,20
"2999","30020","2",1,22
"3000","30020","3",3,19
"3001","30021","1",2,23
"3002","30021","2",0,14
"3003","30021","3",2,22
"3004","30022","1",1,22
"3005","30022","2",2,23
"3006","30022","3",0,18
"3007","30023","1",0,25
"3008","30023","2",4,19
"3009","30023","3",0,15
"3010","30024","1",3,20
"3011","30024","2",0,14
"3012","30024","3",3,24
"3013","30025","1",1,13
"3014","30025","2",2,26
"3015","30025","3",1,18
"3016","30026","1",0,22
"3017","30026","2",3,22
"3018","30026","3",2,28
"3019","30027","1",2,22
"3020","30027","2",2,19
"3021","30027","3",1,19
"3022","30028","1",2,19
"3023","30028","2",4,26
"3024","30028","3",2,14
"3025","30029","1",1,25
"3026","30029","2",1,14
"3027","30029","3",1,16
"3028","30030","1",0,13
"3029","30030","2",1,19
"3030","30030","3",2,14
"3031","30031","1",2,18
"3032","30031","2",3,24
"3033","30031","3",0,16
"3034","30032","1",1,14
"3035","30032","2",2,16
"3036","30032","3",1,12
"3037","30033","1",0,21
"3038","30033","2",2,13
"3039","30033","3",5,18
"3040","30034","1",1,14
"3041","30034","2",4,23
"3042","30034","3",2,17
"3043","30035","1",0,17
"3044","30035","2",2,15
"3045","30035","3",3,19
"3046","30036","1",1,19
"3047","30036","2",2,23
"3048","30036","3",1,15
"3049","30037","1",0,12
"3050","30037","2",2,18
"3051","30037","3",2,19
"3052","30038","1",1,22
"3053","30038","2",0,19
"3054","30038","3",3,18
"3055","30042","1",0,22
"3056","30042","2",3,23
"3057","30042","3",2,22
"3058","30041","1",2,21
"3059","30041","2",2,19
"3060","30041","3",4,12
"3061","30040","1",1,14
"3062","30040","2",1,17
"3063","30040","3",2,15
"3064","30039","1",3,17
"3065","30039","2",1,20
"3066","30039","3",1,16
"3067","30043","1",2,28
"3068","30043","2",4,25
"3069","30043","3",2,17
"3070","30044","1",1,17
"3071","30044","2",2,27
"3072","30044","3",1,29
"3073","30045","1",2,17
"3074","30045","2",3,25
"3075","30045","3",1,23
"3076","30046","1",1,12
"3077","30046","2",1,14
"3078","30046","3",0,15
"3079","30047","1",1,20
"3080","30047","2",3,19
"3081","30047","3",3,14
"3082","30048","1",2,32
"3083","30048","2",3,12
"3084","30048","3",3,16
"3085","30049","1",0,20
"3086","30049","2",1,29
"3087","30049","3",3,25
"3088","30050","1",0,21
"3089","30050","2",1,18
"3090","30050","3",0,26
"3091","30051","1",1,16
"3092","30051","2",1,13
"3093","30051","3",3,24
"3094","30052","1",2,20
"3095","30052","2",1,16
"3096","30052","3",2,21
"3097","30053","1",4,17
"3098","30053","2",3,23
"3099","30053","3",4,27
"3100","30054","1",2,16
"3101","30054","2",2,22
"3102","30054","3",1,17
"3103","30055","1",2,17
"3104","30055","2",1,16
"3105","30055","3",4,24
"3106","30056","1",0,18
"3107","30056","2",5,21
"3108","30056","3",3,13
"3109","30058","1",1,17
"3110","30058","2",0,19
"3111","30058","3",1,15
"3112","30059","1",0,18
"3113","30059","2",2,18
"3114","30059","3",0,19
"3115","30057","1",2,26
"3116","30057","2",4,27
"3117","30057","3",1,30
"3118","30060","1",0,11
"3119","30060","2",1,15
"3120","30060","3",4,25
"3121","30061","1",1,26
"3122","30061","2",3,16
"3123","30061","3",1,22
"3124","30062","1",1,15
"3125","30062","2",1,16
"3126","30062","3",2,9
"3127","30063","1",4,15
"3128","30063","2",3,21
"3129","30063","3",0,13
"3130","30064","1",3,22
"3131","30064","2",1,18
"3132","30064","3",1,10
"3133","30065","1",1,20
"3134","30065","2",2,20
"3135","30065","3",1,20
"3136","30066","1",2,20
"3137","30066","2",2,27
"3138","30066","3",1,8
"3139","30067","1",3,16
"3140","30067","2",4,21
"3141","30067","3",3,18
"3142","30069","1",2,28
"3143","30069","2",0,18
"3144","30069","3",2,17
"3145","30852","1",3,18
"3146","30852","2",1,18
"3147","30852","3",1,14
"3148","30070","1",1,9
"3149","30070","2",1,16
"3150","30070","3",1,21
"3151","30071","1",4,17
"3152","30071","2",4,18
"3153","30071","3",3,22
"3154","30072","1",3,36
"3155","30072","2",2,17
"3156","30072","3",1,28
"3157","30073","1",1,13
"3158","30073","2",0,20
"3159","30073","3",3,17
"3160","30074","1",0,21
"3161","30074","2",3,25
"3162","30074","3",2,19
"3163","30075","1",1,18
"3164","30075","2",3,25
"3165","30075","3",2,11
"3166","30076","1",2,13
"3167","30076","2",3,19
"3168","30076","3",2,21
"3169","30077","1",1,10
"3170","30077","2",1,19
"3171","30077","3",2,21
"3172","30078","1",2,25
"3173","30078","2",1,19
"3174","30078","3",3,18
"3175","30079","1",3,27
"3176","30079","2",1,23
"3177","30079","3",0,17
"3178","30080","1",0,15
"3179","30080","2",4,18
"3180","30080","3",1,17
"3181","30081","1",0,24
"3182","30081","2",2,22
"3183","30081","3",2,18
"3184","30082","1",2,17
"3185","30082","2",3,18
"3186","30082","3",1,23
"3187","30083","1",0,16
"3188","30083","2",1,25
"3189","30083","3",1,24
"3190","30084","1",2,21
"3191","30084","2",0,26
"3192","30084","3",2,17
"3193","30085","1",0,15
"3194","30085","2",4,21
"3195","30085","3",1,16
"3196","30086","1",0,15
"3197","30086","2",2,27
"3198","30086","3",2,17
"3199","30087","1",0,27
"3200","30087","2",2,30
"3201","30087","3",3,21
"3202","30091","1",2,27
"3203","30091","2",3,15
"3204","30091","3",4,22
"3205","30090","1",2,17
"3206","30090","2",3,23
"3207","30090","3",3,16
"3208","30089","1",1,30
"3209","30089","2",1,22
"3210","30089","3",3,22
"3211","30088","1",1,14
"3212","30088","2",1,16
"3213","30088","3",3,22
"3214","30092","1",0,21
"3215","30092","2",1,24
"3216","30092","3",2,18
"3217","30093","1",0,24
"3218","30093","2",1,27
"3219","30093","3",2,18
"3220","30094","1",1,20
"3221","30094","2",0,24
"3222","30094","3",1,24
"3223","30095","1",1,18
"3224","30095","2",2,18
"3225","30095","3",0,12
"3226","30096","1",2,25
"3227","30096","2",2,17
"3228","30096","3",0,15
"3229","30097","1",1,13
"3230","30097","2",1,23
"3231","30097","3",1,14
"3232","30098","1",2,16
"3233","30098","2",3,18
"3234","30098","3",3,15
"3235","30099","1",0,16
"3236","30099","2",2,17
"3237","30099","3",3,24
"3238","30100","1",0,20
"3239","30100","2",4,20
"3240","30100","3",0,23
"3241","30101","1",0,20
"3242","30101","2",2,16
"3243","30101","3",3,17
"3244","30102","1",1,20
"3245","30102","2",1,20
"3246","30102","3",1,21
"3247","30104","1",1,11
"3248","30104","2",1,24
"3249","30104","3",4,24
"3250","30103","1",0,14
"3251","30103","2",3,21
"3252","30103","3",2,16
"3253","30105","1",1,10
"3254","30105","2",3,23
"3255","30105","3",3,18
"3256","30106","1",0,21
"3257","30106","2",3,23
"3258","30106","3",4,16
"3259","30107","1",1,16
"3260","30107","2",1,20
"3261","30107","3",3,16
"3262","30108","1",1,23
"3263","30108","2",0,25
"3264","30108","3",3,26
"3265","30109","1",2,22
"3266","30109","2",4,16
"3267","30109","3",1,20
"3268","30110","1",3,19
"3269","30110","2",1,12
"3270","30110","3",2,21
"3271","30111","1",2,22
"3272","30111","2",4,21
"3273","30111","3",2,16
"3274","30113","1",0,23
"3275","30113","2",0,28
"3276","30113","3",2,26
"3277","30114","1",4,24
"3278","30114","2",2,20
"3279","30114","3",2,21
"3280","30112","1",1,17
"3281","30112","2",2,21
"3282","30112","3",0,19
"3283","30115","1",2,27
"3284","30115","2",3,19
"3285","30115","3",1,14
"3286","30116","1",0,16
"3287","30116","2",0,21
"3288","30116","3",1,24
"3289","30117","1",0,15
"3290","30117","2",3,21
"3291","30117","3",1,10
"3292","30572","1",2,17
"3293","30572","2",2,23
"3294","30572","3",3,25
"3295","30119","1",0,20
"3296","30119","2",3,25
"3297","30119","3",2,26
"3298","30120","1",2,25
"3299","30120","2",0,17
"3300","30120","3",1,21
"3301","30121","1",0,22
"3302","30121","2",1,20
"3303","30121","3",4,26
"3304","30122","1",3,16
"3305","30122","2",4,24
"3306","30122","3",3,22
"3307","30123","1",1,24
"3308","30123","2",3,26
"3309","30123","3",3,19
"3310","30126","1",0,18
"3311","30126","2",2,25
"3312","30126","3",3,15
"3313","30125","1",4,19
"3314","30125","2",2,24
"3315","30125","3",2,19
"3316","30124","1",2,20
"3317","30124","2",0,12
"3318","30124","3",2,19
"3319","30127","1",0,22
"3320","30127","2",2,29
"3321","30127","3",4,28
"3322","30128","1",2,26
"3323","30128","2",1,20
"3324","30128","3",1,22
"3325","30129","1",2,16
"3326","30129","2",5,18
"3327","30129","3",2,14
"3328","30130","1",0,14
"3329","30130","2",0,15
"3330","30130","3",0,16
"3331","30131","1",3,26
"3332","30131","2",3,24
"3333","30131","3",5,23
"3334","30132","1",2,18
"3335","30132","2",1,16
"3336","30132","3",1,18
"3337","30133","1",3,16
"3338","30133","2",0,19
"3339","30133","3",2,14
"3340","30134","1",1,21
"3341","30134","2",4,25
"3342","30134","3",4,18
"3343","30135","1",0,19
"3344","30135","2",2,28
"3345","30135","3",2,17
"3346","30136","1",1,17
"3347","30136","2",2,20
"3348","30136","3",3,16
"3349","30142","1",2,16
"3350","30142","2",3,26
"3351","30142","3",1,20
"3352","30141","1",0,18
"3353","30141","2",3,29
"3354","30141","3",1,14
"3355","30140","1",3,23
"3356","30140","2",1,22
"3357","30140","3",3,17
"3358","30138","1",2,18
"3359","30138","2",5,18
"3360","30138","3",0,13
"3361","30137","1",1,20
"3362","30137","2",2,16
"3363","30137","3",1,23
"3364","30853","1",1,17
"3365","30853","2",2,27
"3366","30853","3",3,21
"3367","30143","1",3,37
"3368","30143","2",2,14
"3369","30143","3",1,16
"3370","30144","1",0,18
"3371","30144","2",3,19
"3372","30144","3",2,22
"3373","30145","1",0,11
"3374","30145","2",2,23
"3375","30145","3",1,18
"3376","30146","1",4,25
"3377","30146","2",3,22
"3378","30146","3",3,15
"3379","30147","1",2,17
"3380","30147","2",3,18
"3381","30147","3",0,13
"3382","30148","1",2,24
"3383","30148","2",2,19
"3384","30148","3",0,14
"3385","30149","1",1,20
"3386","30149","2",1,15
"3387","30149","3",3,25
"3388","30150","1",0,20
"3389","30150","2",3,20
"3390","30150","3",1,16
"3391","30151","1",2,25
"3392","30151","2",0,12
"3393","30151","3",3,25
"3394","30152","1",1,17
"3395","30152","2",1,13
"3396","30152","3",3,19
"3397","30153","1",2,23
"3398","30153","2",1,18
"3399","30153","3",0,11
"3400","30154","1",4,24
"3401","30154","2",0,17
"3402","30154","3",3,21
"3403","30155","1",1,19
"3404","30155","2",1,18
"3405","30155","3",1,16
"3406","30156","1",1,11
"3407","30156","2",4,16
"3408","30156","3",2,18
"3409","30157","1",2,20
"3410","30157","2",2,25
"3411","30157","3",3,18
"3412","30158","1",1,19
"3413","30158","2",1,17
"3414","30158","3",1,19
"3415","30159","1",0,13
"3416","30159","2",1,22
"3417","30159","3",1,17
"3418","30160","1",3,27
"3419","30160","2",4,18
"3420","30160","3",1,23
"3421","30161","1",2,16
"3422","30161","2",3,20
"3423","30161","3",2,33
"3424","30162","1",1,19
"3425","30162","2",3,16
"3426","30162","3",3,28
"3427","30164","1",2,13
"3428","30164","2",0,13
"3429","30164","3",3,11
"3430","30163","1",2,16
"3431","30163","2",2,19
"3432","30163","3",0,13
"3433","30165","1",2,15
"3434","30165","2",3,19
"3435","30165","3",2,21
"3436","30166","1",0,20
"3437","30166","2",3,17
"3438","30166","3",2,18
"3439","30167","1",1,12
"3440","30167","2",0,9
"3441","30167","3",2,19
"3442","30168","1",0,24
"3443","30168","2",0,17
"3444","30168","3",2,18
"3445","30169","1",3,15
"3446","30169","2",7,24
"3447","30169","3",1,14
"3448","30170","1",2,21
"3449","30170","2",2,28
"3450","30170","3",1,14
"3451","30171","1",4,17
"3452","30171","2",1,16
"3453","30171","3",2,18
"3454","30172","1",2,25
"3455","30172","2",4,21
"3456","30172","3",1,19
"3457","30173","1",1,17
"3458","30173","2",4,17
"3459","30173","3",2,21
"3460","30175","1",1,20
"3461","30175","2",1,21
"3462","30175","3",3,24
"3463","30174","1",1,26
"3464","30174","2",1,15
"3465","30174","3",1,9
"3466","30176","1",0,18
"3467","30176","2",3,16
"3468","30176","3",2,13
"3469","30177","1",2,19
"3470","30177","2",2,23
"3471","30177","3",1,23
"3472","30178","1",0,15
"3473","30178","2",2,23
"3474","30178","3",1,12
"3475","30179","1",2,23
"3476","30179","2",1,22
"3477","30179","3",3,15
"3478","30180","1",1,16
"3479","30180","2",2,20
"3480","30180","3",2,15
"3481","30181","1",3,16
"3482","30181","2",4,23
"3483","30181","3",4,19
"3484","30182","1",3,22
"3485","30182","2",2,19
"3486","30182","3",3,15
"3487","30183","1",0,22
"3488","30183","2",4,21
"3489","30183","3",2,23
"3490","30184","1",1,17
"3491","30184","2",1,21
"3492","30184","3",3,26
"3493","30185","1",1,21
"3494","30185","2",2,19
"3495","30185","3",2,17
"3496","30186","1",0,19
"3497","30186","2",3,30
"3498","30186","3",2,22
"3499","30187","1",2,26
"3500","30187","2",1,20
"3501","30187","3",2,19
"3502","30192","1",2,22
"3503","30192","2",3,15
"3504","30192","3",1,17
"3505","30191","1",2,16
"3506","30191","2",4,23
"3507","30191","3",1,21
"3508","30190","1",1,17
"3509","30190","2",4,25
"3510","30190","3",2,25
"3511","30189","1",0,19
"3512","30189","2",2,21
"3513","30189","3",2,22
"3514","30188","1",2,20
"3515","30188","2",1,24
"3516","30188","3",2,16
"3517","30193","1",1,21
"3518","30193","2",1,26
"3519","30193","3",2,17
"3520","30194","1",1,20
"3521","30194","2",1,21
"3522","30194","3",3,22
"3523","30195","1",0,15
"3524","30195","2",0,22
"3525","30195","3",3,21
"3526","30196","1",2,27
"3527","30196","2",6,33
"3528","30196","3",2,20
"3529","30197","1",2,22
"3530","30197","2",2,23
"3531","30197","3",4,24
"3532","30198","1",1,20
"3533","30198","2",1,28
"3534","30198","3",4,15
"3535","30199","1",3,25
"3536","30199","2",1,28
"3537","30199","3",2,17
"3538","30200","1",0,17
"3539","30200","2",1,16
"3540","30200","3",3,17
"3541","30201","1",1,19
"3542","30201","2",5,22
"3543","30201","3",1,29
"3544","30202","1",1,20
"3545","30202","2",3,23
"3546","30202","3",2,16
"3547","30203","1",0,16
"3548","30203","2",3,24
"3549","30203","3",4,22
"3550","30204","1",2,17
"3551","30204","2",1,15
"3552","30204","3",4,21
"3553","30205","1",2,19
"3554","30205","2",3,21
"3555","30205","3",0,26
"3556","30206","1",1,18
"3557","30206","2",0,25
"3558","30206","3",1,17
"3559","30207","1",0,10
"3560","30207","2",1,15
"3561","30207","3",3,12
"3562","30208","1",2,27
"3563","30208","2",1,21
"3564","30208","3",2,21
"3565","30209","1",1,18
"3566","30209","2",1,19
"3567","30209","3",4,16
"3568","30211","1",1,16
"3569","30211","2",4,20
"3570","30211","3",3,22
"3571","30210","1",1,21
"3572","30210","2",2,17
"3573","30210","3",2,14
"3574","30212","1",3,16
"3575","30212","2",1,21
"3576","30212","3",3,19
"3577","30213","1",1,10
"3578","30213","2",1,21
"3579","30213","3",1,18
"3580","30214","1",2,14
"3581","30214","2",3,22
"3582","30214","3",3,27
"3583","30215","1",2,16
"3584","30215","2",2,16
"3585","30215","3",4,16
"3586","30216","1",1,20
"3587","30216","2",0,14
"3588","30216","3",1,17
"3589","30217","1",0,15
"3590","30217","2",3,20
"3591","30217","3",3,24
"3592","30218","1",1,15
"3593","30218","2",1,22
"3594","30218","3",1,19
"3595","30219","1",0,15
"3596","30219","2",3,17
"3597","30219","3",5,33
"3598","30220","1",2,19
"3599","30220","2",2,17
"3600","30220","3",3,13
"3601","30221","1",1,13
"3602","30221","2",2,18
"3603","30221","3",3,13
"3604","30222","1",0,19
"3605","30222","2",3,25
"3606","30222","3",2,16
"3607","30223","1",2,22
"3608","30223","2",2,20
"3609","30223","3",2,26
"3610","30224","1",1,15
"3611","30224","2",3,20
"3612","30224","3",2,25
"3613","30225","1",2,17
"3614","30225","2",3,24
"3615","30225","3",1,18
"3616","30226","1",1,18
"3617","30226","2",1,15
"3618","30226","3",2,24
"3619","30227","1",1,12
"3620","30227","2",1,17
"3621","30227","3",2,19
"3622","30228","1",0,16
"3623","30228","2",1,19
"3624","30228","3",1,16
"3625","30229","1",1,19
"3626","30229","2",2,14
"3627","30229","3",3,17
"3628","30230","1",4,29
"3629","30230","2",4,20
"3630","30230","3",2,21
"3631","30231","1",1,14
"3632","30231","2",2,22
"3633","30231","3",0,15
"3634","30232","1",1,12
"3635","30232","2",5,19
"3636","30232","3",3,20
"3637","30233","1",1,22
"3638","30233","2",3,24
"3639","30233","3",1,19
"3640","30234","1",1,27
"3641","30234","2",4,24
"3642","30234","3",2,25
"3643","30235","1",1,15
"3644","30235","2",1,23
"3645","30235","3",3,15
"3646","30236","1",2,24
"3647","30236","2",1,17
"3648","30236","3",1,14
"3649","30237","1",2,22
"3650","30237","2",3,23
"3651","30237","3",3,18
"3652","30242","1",0,18
"3653","30242","2",1,24
"3654","30242","3",2,19
"3655","30241","1",3,18
"3656","30241","2",3,13
"3657","30241","3",2,18
"3658","30240","1",2,24
"3659","30240","2",2,18
"3660","30240","3",2,14
"3661","30239","1",3,16
"3662","30239","2",2,16
"3663","30239","3",2,17
"3664","30238","1",2,20
"3665","30238","2",2,14
"3666","30238","3",3,18
"3667","30243","1",0,13
"3668","30243","2",3,17
"3669","30243","3",3,19
"3670","30244","1",3,20
"3671","30244","2",2,16
"3672","30244","3",1,20
"3673","30245","1",1,21
"3674","30245","2",3,20
"3675","30245","3",1,13
"3676","30246","1",1,22
"3677","30246","2",1,20
"3678","30246","3",4,20
"3679","30247","1",2,20
"3680","30247","2",3,22
"3681","30247","3",1,14
"3682","30248","1",0,23
"3683","30248","2",0,18
"3684","30248","3",1,11
"3685","30250","1",4,16
"3686","30250","2",1,13
"3687","30250","3",2,15
"3688","30249","1",0,15
"3689","30249","2",2,19
"3690","30249","3",0,11
