"","date"
"1","20151007"
"2","20151008"
"3","20151009"
"4","20151010"
"5","20151011"
"6","20151012"
"7","20151013"
"8","20151014"
"9","20151015"
"10","20151016"
"11","20151017"
"12","20151018"
"13","20151019"
"14","20151020"
"15","20151021"
"16","20151022"
"17","20151023"
"18","20151024"
"19","20151025"
"20","20151026"
"21","20151027"
"22","20151028"
"23","20151029"
"24","20151030"
"25","20151031"
"26","20151101"
"27","20151102"
"28","20151103"
"29","20151104"
"30","20151105"
"31","20151106"
"32","20151107"
"33","20151108"
"34","20151109"
"35","20151110"
"36","20151111"
"37","20151112"
"38","20151113"
"39","20151114"
"40","20151115"
"41","20151116"
"42","20151117"
"43","20151118"
"44","20151119"
"45","20151120"
"46","20151121"
"47","20151122"
"48","20151123"
"49","20151124"
"50","20151125"
"51","20151127"
"52","20151128"
"53","20151129"
"54","20151130"
"55","20151201"
"56","20151202"
"57","20151203"
"58","20151204"
"59","20151205"
"60","20151206"
"61","20151207"
"62","20151208"
"63","20151209"
"64","20151210"
"65","20151211"
"66","20151212"
"67","20151213"
"68","20151214"
"69","20151215"
"70","20151216"
"71","20151217"
"72","20151218"
"73","20151219"
"74","20151220"
"75","20151221"
"76","20151222"
"77","20151226"
"78","20151227"
"79","20151228"
"80","20151229"
"81","20151230"
"82","20151231"
"83","20160101"
"84","20160102"
"85","20160103"
"86","20160104"
"87","20160105"
"88","20160106"
"89","20160107"
"90","20160108"
"91","20160109"
"92","20160110"
"93","20160111"
"94","20160112"
"95","20160113"
"96","20160114"
"97","20160115"
"98","20160116"
"99","20160117"
"100","20160118"
"101","20160119"
"102","20160120"
"103","20160121"
"104","20160122"
"105","20160123"
"106","20160124"
"107","20160125"
"108","20160126"
"109","20160127"
"110","20160202"
"111","20160203"
"112","20160204"
"113","20160205"
"114","20160206"
"115","20160207"
"116","20160208"
"117","20160209"
"118","20160210"
"119","20160211"
"120","20160212"
"121","20160213"
"122","20160214"
"123","20160215"
"124","20160216"
"125","20160217"
"126","20160218"
"127","20160219"
"128","20160220"
"129","20160221"
"130","20160222"
"131","20160223"
"132","20160224"
"133","20160225"
"134","20160226"
"135","20160227"
"136","20160228"
"137","20160229"
"138","20160301"
"139","20160302"
"140","20160303"
"141","20160304"
"142","20160305"
"143","20160306"
"144","20160307"
"145","20160308"
"146","20160309"
"147","20160310"
"148","20160311"
"149","20160312"
"150","20160313"
"151","20160314"
"152","20160315"
"153","20160316"
"154","20160317"
"155","20160318"
"156","20160319"
"157","20160320"
"158","20160321"
"159","20160322"
"160","20160323"
"161","20160324"
"162","20160325"
"163","20160326"
"164","20160327"
"165","20160328"
"166","20160329"
"167","20160330"
"168","20160331"
"169","20160401"
"170","20160402"
"171","20160403"
"172","20160404"
"173","20160405"
"174","20160406"
"175","20160407"
"176","20160408"
"177","20160409"
"178","20160410"
